chemBottleIDNUM,chemMaterial,chemName,chemConcentration,chemAmountInBottle,chemAmountUnit,chemLocationRoom,chemSDS,chemNotes,chemInstrument,,,,
1,Acid,Hydrochloric,0.005 M,450,mL,327,1,,,,,,
2,Acid,Hydrochloric,0.05 M,400,mL,327,1,,,,,,
3,Acid,Hydrochloric,0.10 M,1300,mL,327,1,,,,,,
4,Acid,Hydrochloric,0.30 M,1,L,327,1,,,,,,
5,Acid,Hydrochloric,0.50 M,700,mL,327,1,,,,,,
6,Acid,Hydrochloric,1.0 M,3800,mL,327,1,,,,,,
7,Acid,Hydrochloric,3.0 M,400,mL,327,1,,,,,,
8,Acid,Hydrochloric,6.0 M,100,mL,327,1,,,,,,
9,Acid,Hydrochloric,Concentrated,9,L,327,1,,,,,,
10,Acid,Acetic,0.10 M,8800,mL,327,1,,,,,,
11,Acid,Acetic,1.0 M,2.2,L,327,1,,,,,,
12,Acid,Acetic,4.0 M,15,mL,327,1,,,,,,
13,Acid,Acetic,5%,600,mL,327,1,,,,,,
14,Acid,Acetic,10%,800,mL,327,1,,,,,,
15,Acid,Acetic,Concentrated,2,L,327,1,,,,,,
16,Acid,Chloroacetic,0.10 M,50,mL,327,0,,,,,,
17,Acid,Chloroacetic,50%,300,mL,327,0,,,,,,
18,Acid,Trifluoroacetic,?,600,mL,327,1,,,,,,
19,Acid,Trichloroacetic,50%,50,mL,327,1,,,,,,
20,Acid,Nitric,1.0 M,350,mL,325,1,,,,,,
21,Acid,Nitric,6.0 M,450,mL,325,1,,,,,,
22,Acid,Nitric,8.0 M,100,mL,325,1,,,,,,
23,Acid,Nitric,50%,200,mL,325,1,,,,,,
24,Acid,Nitric,Concentrated,12,L,325,1,,,,,,
25,Acid,Phosphoric,Concentrated,3.0,L,325,1,,,,,,
26,Acid,Hydrobromic,1.0 M,1300,mL,325,0,,,,,,
27,Acid,Hydrobromic,48%,650,mL,325,0,,,,,,
28,Acid,Formic,88%,300,mL,325,1,,,,,,
29,Acid,Sulfuric,0.1000 M,24,L,323,1,,,,,,
30,Acid,Sulfuric,1.0 M,1800,mL,323,1,,,,,,
31,Acid,Sulfuric,6 M,2.5,L,323,1,,,,,,
32,Acid,Sulfuric,10%,750,mL,323,1,,,,,,
33,Acid,Sulfuric,Concentrated,8.5,L,323,1,,,,,,
34,Acid,Perchloric,60%,1,L,323,0,,,,,,
35,Acid,Perchloric,70%,500,mL,323,0,,,,,,
36,Instrumental Chemical,Acetonitrile,99.90%,5,L,310,1,,HPLC,,,,
37,Instrumental Chemical,n-Hexane,95%,3,L,310,1,,HPLC,,,,
38,Instrumental Chemical,Methanol,99.90%,3,L,310,1,,HPLC,,,,
39,Instrumental Chemical,2-Propanol,99.90%,1,L,310,1,,HPLC,,,,
40,Instrumental Chemical,Water,Chromasolv,250,mL,310,1,,HPLC,,,,
41,Flammables,Acetaldehyde,99%,80,mL,Prep Room,1,,,,,,
42,Flammables,Acetylacetone,99%,20,mL,Prep Room,1,,,,,,
43,Flammables,n-Amyl Acetate,95%,20,mL,Prep Room,1,,,,,,
44,Flammables,Anisole,95%,100,mL,Prep Room,1,,,,,,
45,Flammables,Benzene,95%,1530,mL,Prep Room,1,,,,,,
46,Flammables,Bromobenzene,99%,1000,mL,Prep Room,1,,,,,,
47,Flammables,1-Bromobutane,99%,300,mL,Prep Room,1,,,,,,
48,Flammables,2-Bromobutane,98%,50,mL,Prep Room,1,,,,,,
49,Flammables,2-Bromo-2-methylpropane,96%,160,mL,Prep Room,1,,,,,,
50,Flammables,2-Bromopropane,99%,200,mL,Prep Room,1,,,,,,
51,Flammables,Bromotoluene,95%,5,mL,Prep Room,1,,,,,,
52,Flammables,tert-Butanol,99%,500,mL,Prep Room,1,,,,,,
53,Flammables,tert-Butyl Chloride,95%,100,mL,Prep Room,1,,,,,,
54,Flammables,tert-Butyl Methyl Ether,99%,1300,mL,Prep Room,1,,,,,,
55,Flammables,Chlorobenzene,99%,1000,mL,Prep Room,1,,,,,,
56,Flammables,1-Chlororbutane,99%,1700,mL,Prep Room,1,,,,,,
57,Flammables,2-Chlorobutane,99%,300,mL,Prep Room,1,,,,,,
58,Flammables,2-Chloro-2-methylpropane,99%,600,mL,Prep Room,1,,,,,,
59,Flammables,Cyclohexane,99%,3,L,Prep Room,1,,,,,,
60,Flammables,Cyclohexanol,99%,550,mL,Prep Room,1,,,,,,
61,Flammables,Cyclohexanone,99%,1400,mL,Prep Room,1,,,,,,
62,Flammables,Cyclohexene,99%,1100,mL,Prep Room,1,,,,,,
63,Flammables,"1,2-Dibromopropane",99%,80,mL,Prep Room,1,,,,,,
64,Flammables,Dichlorodimethylsilane,99%,800,mL,Prep Room,1,,,,,,
65,Flammables,Dichloromethane,99%,2.5,L,Prep Room,1,,,,,,
66,Flammables,Dicyclopentadiene,95%,1200,mL,Prep Room,1,,,,,,
67,Flammables,Diethyl Malonate,99%,250,mL,Prep Room,1,,,,,,
68,Flammables,"N,N-Dimethyl Aniline",95%,300,mL,Prep Room,1,,,,,,
69,Flammables,Dinitrophenylhydrazine,Solid,20,g,Prep Room,1,,,,,,
70,Flammables,Dinitrophenylhydrazine,Solution,50,mL,Prep Room,1,,,,,,
71,Flammables,"1,4-Dioxane",99%,600,mL,Prep Room,1,,,,,,
72,Flammables,Ethanol,200 Proof,800,mL,Prep Room,1,,,,,,
73,Flammables,Ethyl Acetate,99%,300,mL,Prep Room,1,,,,,,
74,Flammables,Ethyl Acetoacetate,99%,50,mL,Prep Room,1,,,,,,
75,Flammables,Ethyl Benzoylacetate,99%,150,mL,Prep Room,1,,,,,,
76,Flammables,Ethyl Ether,99%,2,L,Prep Room,1,,,,,,
77,Flammables,Ethyl Formate,97%,500,mL,Prep Room,1,,,,,,
78,Flammables,Ethylenediamine,99%,900,mL,Prep Room,1,,,,,,
79,Flammables,4-Fluorophenylmagnesium Bromide,1.0 M,100,mL,Prep Room,1,,,,,,
80,Flammables,Heptaldehyde,95%,60,mL,Prep Room,1,,,,,,
81,Flammables,n-Heptane,99%,150,mL,Prep Room,1,,,,,,
82,Flammables,2-Heptanone,99%,50,mL,Prep Room,1,,,,,,
83,Flammables,3-Heptanone,98%,60,mL,Prep Room,1,,,,,,
84,Flammables,1-Heptyne,98%,80,mL,Prep Room,1,,,,,,
85,Flammables,Hexane,95%,1,L,Prep Room,1,,,,,,
86,Flammables,1-Hexene,97%,600,mL,Prep Room,1,,,,,,
87,Flammables,Hexylamine,99%,40,mL,Prep Room,1,,,,,,
88,Flammables,2-Iodo-2-methylpropane,95%,5,mL,Prep Room,1,,,,,,
89,Flammables,Isoborneol,Solid,500,g,Prep Room,1,,,,,,
90,Flammables,Isobutyl Alcohol,95%,400,mL,Prep Room,1,,,,,,
91,Flammables,Isopentyl Alcohol,95%,60,mL,Prep Room,1,,,,,,
92,Flammables,Isopropyl Alcohol,95%,2,L,Prep Room,1,,,,,,
93,Flammables,(R)-(+)-Limonene,97%,80,mL,Prep Room,1,,,,,,
94,Flammables,Lycopodium Powder,Solid,20,g,Prep Room,1,,,,,,
95,Flammables,2-Methyl-2-Butanol,95%,50,mL,Prep Room,1,,,,,,
96,Flammables,Methyl Ethyl Ketone,95%,1250,mL,Prep Room,1,,,,,,
97,Flammables,Ninhydrin,0.30%,10,mL,Prep Room,1,,,,,,
98,Flammables,Nonane,99%,1000,mL,Prep Room,1,,,,,,
99,Flammables,Octane,98%,2,L,Prep Room,1,,,,,,
100,Flammables,1-Octene,98%,20,mL,Prep Room,1,,,,,,
101,Flammables,trans-2-Octene,97%,1,mL,Prep Room,1,,,,,,
102,Flammables,2-Octyne,97%,1,mL,Prep Room,1,,,,,,
103,Flammables,Pentane,99%,4,L,Prep Room,1,,,,,,
104,Flammables,3-Pentanone,98%,200,mL,Prep Room,1,,,,,,
105,Flammables,Phenol,89%,1.5,L,Prep Room,1,,,,,,
106,Flammables,Piperidine,99%,800,mL,Prep Room,1,,,,,,
107,Flammables,n-Propanol,95%,200,mL,Prep Room,1,,,,,,
108,Flammables,Propionic Acid,99%,100,mL,Prep Room,1,,,,,,
109,Flammables,Sodium Borohydride,Solid,40,g,Prep Room,1,,,,,,
110,Flammables,Tetrachloroethylene,99%,450,mL,Prep Room,1,,,,,,
111,Flammables,Tetrahydrofuran,99%,150,mL,Prep Room,1,,,,,,
112,Flammables,Toluene,99%,3.9,L,Prep Room,1,,,,,,
113,Flammables,"1,2,3-Tribromopropane",97%,90,g,Prep Room,1,,,,,,
114,Flammables,"1,2,4-Trichlorobeneze",99%,600,mL,Prep Room,1,,,,,,
115,Flammables,Trichloroethylene,99%,300,mL,Prep Room,1,,,,,,
116,Flammables,Triethylamine,99%,1200,mL,Prep Room,1,,,,,,
117,Flammables,Triethyl Orthoformate,98%,200,mL,Prep Room,1,,,,,,
118,Flammables,Triethylsilane,99%,100,g,Prep Room,1,,,,,,
119,Flammables,m-Xylene,99%,10,mL,Prep Room,1,,,,,,
120,Flammables,o-Xylene,96%,800,mL,Prep Room,1,,,,,,
121,Flammables,p-Xylene,99%,30,mL,Prep Room,1,,,,,,
122,Flammables,n-Butanol,99%,8,L,327,1,,,,,,
123,Flammables,tert-Butanol,99%,1400,mL,327,1,,,,,,
124,Flammables,tert-Butyl Methyl Ether,99%,250,mL,327,1,,,,,,
125,Flammables,Ethylene Glycol ,99%,200,mL,327,1,,,,,,
126,Flammables,Ethylene Glycol Dimethyl Ether,99%,300,mL,327,1,,,,,,
127,Flammables,n-Propyl Alcohol,99%,2,L,327,1,,,,,,
128,Flammables,tert-Amyl Alcohol,99%,1.5,L,327,1,,,,,,
129,Flammables,sec-Butanol,99%,2,L,327,1,,,,,,
130,Flammables,Methanol,95%,6,L,327,1,,,,,,
131,Flammables,Reagent Alcohol,95%,10,L,327,1,,,,,,
132,Flammables,Ethyl Acetate,99%,1200,mL,325,1,,,,,,
133,Flammables,Toluene,99%,3200,mL,325,1,,,,,,
134,Flammables,Methyl Ethyl Ketone,99%,3,L,325,1,,,,,,
135,Flammables,Reagent Alcohol,95%,2,L,325,1,,,,,,
136,Flammables,Chloroform,99%,1,L,325,1,,,,,,
137,Flammables,Petroleum Ether,99%,1800,mL,325,1,,,,,,
138,Flammables,Acetone,99%,3500,mL,325,1,,,,,,
139,Flammables,Cyclohexane,99%,3500,mL,325,1,,,,,,
140,Flammables,Ethyl Ether,99%,1600,mL,325,1,,,,,,
141,Flammables,Methanol,95%,1300,mL,325,1,,,,,,
142,Flammables,Tetrahydrofuran,99%,200,mL,325,1,,,,,,
143,Flammables,Xylenes,95%,200,mL,325,1,,,,,,
144,Flammables,Acetone,95%,7,L,308,1,,,,,,
145,Flammables,Isopropyl Alcohol,95%,2.5,L,308,1,,,,,,
146,Flammables,Toluene,99%,2800,mL,308,1,,,,,,
147,Flammables,Xylenes,Mixed,1100,mL,308,1,,,,,,
148,Flammables,Acetone,99%,8,L,310,1,,,,,,
149,Flammables,Dicyclopentadiene,95%,1,L,310,1,,,,,,
150,Flammables,"N,N-Dimethylformamide",100%,4,L,310,1,,,,,,
151,Flammables,Gasoline,E85,2,L,310,1,,,,,,
152,Flammables,Kerosine,,7,L,310,1,,,,,,
153,Non-Flammable Organics,Acetone,Pure,300,mL,Prep Room,1,,,,,,
154,Non-Flammable Organics,Acetone,4.00 M,3.3,L,Prep Room,1,,,,,,
155,Non-Flammable Organics,Acetone:Water,50%,400,mL,Prep Room,1,,,,,,
156,Non-Flammable Organics,Acetone,10%,450,mL,Prep Room,1,,,,,,
157,Non-Flammable Organics,Acetic Anhydride,98%,1,L,Prep Room,1,,,,,,
158,Non-Flammable Organics,Acetylferrocene,95%,15,g,Prep Room,1,,,,,,
159,Non-Flammable Organics,Acetylsalicylic Acid,99%,600,g,Prep Room,1,,,,,,
160,Non-Flammable Organics,Acetanilide,97%,200,g,Prep Room,1,,,,,,
161,Non-Flammable Organics,4-Acetamidophenol,98%,60,g,Prep Room,1,,,,,,
162,Non-Flammable Organics,Acetophenone,99%,30,mL,Prep Room,1,,,,,,
163,Non-Flammable Organics,p-Acetophenetidide,97%,80,g,Prep Room,1,,,,,,
164,Non-Flammable Organics,Adipic Acid,99%,300,g,Prep Room,1,,,,,,
165,Non-Flammable Organics,3-Aminobenzoic Acid,98%,15,g,Prep Room,1,,,,,,
166,Non-Flammable Organics,4-Aminophenyl Sulfone,97%,350,g,Prep Room,1,,,,,,
167,Non-Flammable Organics,Aliquat 336,-,125,mL,Prep Room,1,,,,,,
168,Non-Flammable Organics,Aniline,?,400,mL,Prep Room,1,,,,,,
169,Non-Flammable Organics,9-Anthraldehyde,97%,15,g,Prep Room,1,,,,,,
170,Non-Flammable Organics,Anthracene,97%,250,g,Prep Room,1,,,,,,
171,Non-Flammable Organics,9-Anthracenecarboxaldehyde,97%,60,g,Prep Room,1,,,,,,
172,Non-Flammable Organics,Benzaldehyde,98%,750,mL,Prep Room,1,,,,,,
173,Non-Flammable Organics,Benzamide,99%,400,g,Prep Room,1,,,,,,
174,Non-Flammable Organics,Benzyl Chloride,97%,1,L,Prep Room,1,,,,,,
175,Non-Flammable Organics,Benzyltriethylammonium Chloride,99%,800,g,Prep Room,1,,,,,,
176,Non-Flammable Organics,Benzyltriphenylphosphonium Chloride,99%,5,g,Prep Room,1,,,,,,
177,Non-Flammable Organics,Benzonitrile,?,350,mL,Prep Room,1,,,,,,
178,Non-Flammable Organics,Benzoic Acid,99%,600,g,Prep Room,1,,,,,,
179,Non-Flammable Organics,Benzophenone,99%,750,g,Prep Room,1,,,,,,
180,Non-Flammable Organics,Benzoyl Peroxide,97%,40,g,Prep Room,1,,,,,,
181,Non-Flammable Organics,Boric Acid,99%,300,g,Prep Room,1,,,,,,
182,Non-Flammable Organics,Bromobenzene,-,70,mL,Prep Room,1,,,,,,
183,Non-Flammable Organics,2-Bromoethanol,95%,100,g,Prep Room,1,,,,,,
184,Non-Flammable Organics,2-Bromo-2-methylpropane,96%,100,mL,Prep Room,1,,,,,,
185,Non-Flammable Organics,1-Bromopropane,99%,250,mL,Prep Room,1,,,,,,
186,Non-Flammable Organics,2-Bromopropane,99%,250,mL,Prep Room,0,,,,,,
187,Non-Flammable Organics,1-Butanol,99%,9,L,Prep Room,1,,,,,,
188,Non-Flammable Organics,t-Butanol,99%,500,mL,Prep Room,1,,,,,,
189,Non-Flammable Organics,Butyraldehyde,99%,4,L,Prep Room,1,,,,,,
190,Non-Flammable Organics,Caffeine,Solid,70,g,Prep Room,1,,,,,,
191,Non-Flammable Organics,(1R)-(+)-Camphor,98%,50,g,Prep Room,1,,,,,,
192,Non-Flammable Organics,2-Carboxybenzaldehyde,Solid,40,g,Prep Room,1,,,,,,
193,Non-Flammable Organics,Carnitine Hydrochloride,98%,100,g,Prep Room,1,,,,,,
194,Non-Flammable Organics,Chloroacetic Acid,99%,1200,g,Prep Room,1,,,,,,
195,Non-Flammable Organics,"1-Chloro-9,10-bis(phenylethynyl)anthracene",99%,0.100,g,Prep Room,1,,,,,,
196,Non-Flammable Organics,"4-Chloro-2,6-dimethylphenol",98%,8,g,Prep Room,1,,,,,,
197,Non-Flammable Organics,trans-Cinnamaldehyde,99%,200,g,Prep Room,1,,,,,,
198,Non-Flammable Organics,trans-Cinnamic Acid,97%,180,g,Prep Room,1,,,,,,
199,Non-Flammable Organics,Citric Acid Anhydrous,Solid,1600,g,Prep Room,1,,,,,,
200,Non-Flammable Organics,Citric Acid Trisodium Dihydrate,Solid,1000,g,Prep Room,1,,,,,,
201,Non-Flammable Organics,Citric Acid,10%,400,mL,Prep Room,1,,,,,,
202,Non-Flammable Organics,Cotton Seed Oil,-,3.5,L,Prep Room,1,,,,,,
203,Non-Flammable Organics,o-Cresol,99%,300,mL,Prep Room,1,,,,,,
204,Non-Flammable Organics,m-Cresol,99%,150,mL,Prep Room,1,,,,,,
205,Non-Flammable Organics,2-Cyanoacetamide,99%,500,g,Prep Room,1,,,,,,
206,Non-Flammable Organics,Cyanuric Acid Anhydrous,98%,80,g,Prep Room,1,,,,,,
207,Non-Flammable Organics,Cyclohexanecarboxylic Acid,98%,80,mL,Prep Room,1,,,,,,
208,Non-Flammable Organics,Cyclohexanol,99%,1,L,Prep Room,1,,,,,,
209,Non-Flammable Organics,Cyclohexanone,99%,100,mL,Prep Room,1,,,,,,
210,Non-Flammable Organics,Decanoic Acid,Solid,80,g,Prep Room,1,,,,,,
211,Non-Flammable Organics,D.E.R. 332 Epoxy Resin,-,3000,mL,Prep Room,1,,,,,,
212,Non-Flammable Organics,"1,6-Diaminohexane",98%,50,g,Prep Room,1,,,,,,
213,Non-Flammable Organics,"2,4-Dichlorobenzoic Acid",98%,100,g,Prep Room,1,,,,,,
214,Non-Flammable Organics,Dichloromethane,99%,3.5,L,Prep Room,1,,,,,,
215,Non-Flammable Organics,Diethyl Phthalate,99.50%,500,mL,Prep Room,1,,,,,,
216,Non-Flammable Organics,"3,4-Dihydro-2H-pyran",97%,10,mL,Prep Room,1,,,,,,
217,Non-Flammable Organics,"2,4-Dihydroxyacetophenone",Solid,45,g,Prep Room,1,,,,,,
218,Non-Flammable Organics,"N,N-Diisopropylethylamine",98%,15,mL,Prep Room,1,,,,,,
219,Non-Flammable Organics,"1,4-Dimethyoxybenzene",99%,600,g,Prep Room,1,,,,,,
220,Non-Flammable Organics,"3,4-Dimethoxybenzoic Acid",99%,60,g,Prep Room,1,,,,,,
221,Non-Flammable Organics,"2,6-Dimethylaniline",99%,30,mL,Prep Room,1,,,,,,
222,Non-Flammable Organics,"N,N-Dimethylaniline",99%,1700,mL,Prep Room,1,,,,,,
223,Non-Flammable Organics,"N,N-Dimethylformamide",99%,1,L,Prep Room,1,,,,,,
224,Non-Flammable Organics,"2,6-Dimethylphenol",99%,400,g,Prep Room,1,,,,,,
225,Non-Flammable Organics,"3,5-Dinitrosalicylic Acid",98%,70,g,Prep Room,1,,,,,,
226,Non-Flammable Organics,Diphenylamine,99%,100,g,Prep Room,1,,,,,,
227,Non-Flammable Organics,Diphenylmethane,?,150,mL,Prep Room,1,,,,,,
228,Non-Flammable Organics,Docosane,99%,20,g,Prep Room,1,,,,,,
229,Non-Flammable Organics,EDTA,99%,700,g,Prep Room,1,,,,,,
230,Non-Flammable Organics,Ethanolamine,99%,600,mL,Prep Room,1,,,,,,
231,Non-Flammable Organics,4-Ethoxyaniline,98%,300,mL,Prep Room,1,,,,,,
232,Non-Flammable Organics,Ethyl Acetate,95%,4,L,Prep Room,1,,,,,,
233,Non-Flammable Organics,4-Ethylbenzoic Acid,99%,3,g,Prep Room,1,,,,,,
234,Non-Flammable Organics,Ethylene Glycol,95%,500,mL,Prep Room,1,,,,,,
235,Non-Flammable Organics,Ethylene Glycol Diethyl Ether,98%,25,mL,Prep Room,1,,,,,,
236,Non-Flammable Organics,Ethylene Glycol Dimethyl Ether,99%,200,mL,Prep Room,1,,,,,,
237,Non-Flammable Organics,Ethylenediaminetetraacetic acid,99%,120,g,Prep Room,1,,,,,,
238,Non-Flammable Organics,Ethynylestra Diol,Solid,5,g,Prep Room,1,,,,,,
239,Non-Flammable Organics,Fehlings B,?,200,mL,Prep Room,1,,,,,,
240,Non-Flammable Organics,Ferrocene,98%,500,g,Prep Room,1,,,,,,
241,Non-Flammable Organics,Fluorescein,Solid,50,g,Prep Room,1,,,,,,
242,Non-Flammable Organics,Fmoc-Gly-Wang Resin,Solid,3,g,Prep Room,1,,,,,,
243,Non-Flammable Organics,Formaldehyde,37%,15,mL,Prep Room,1,,,,,,
244,Non-Flammable Organics,Fullerene,99%,5,g,Prep Room,1,,,,,,
245,Non-Flammable Organics,Fumaric Acid,99%,400,g,Prep Room,1,,,,,,
246,Non-Flammable Organics,Gallium-Indium Eutectic,99.99%,4,g,Prep Room,1,,,,,,
247,Non-Flammable Organics,Glycerol,95%,4.3,L,Prep Room,1,,,,,,
248,Non-Flammable Organics,Guar Gum,95%,6,g,Prep Room,1,,,,,,
249,Non-Flammable Organics,Hexamethylenediamine,80-95%,100,g,Prep Room,1,,,,,,
250,Non-Flammable Organics,Hexyl Alcohol,98%,1,L,Prep Room,1,,,,,,
251,Non-Flammable Organics,Hydrazine,1.0 M,500,mL,Prep Room,1,,,,,,
252,Non-Flammable Organics,Hydroquinone,99%,150,g,Prep Room,1,,,,,,
253,Non-Flammable Organics,Hydroxybenzotriazole Hydrate,20%,20,g,Prep Room,1,,,,,,
254,Non-Flammable Organics,8-Hydroxyquinone,?,250,mL,Prep Room,0,,,,,,
255,Non-Flammable Organics,Imidazole,99%,250,g,Prep Room,1,,,,,,
256,Non-Flammable Organics,IonLic DMII,Solid,1,g,Prep Room,0,,,,,,
257,Non-Flammable Organics,4-Isopropylbenzoic Acid,98%,4.5,g,Prep Room,1,,,,,,
258,Non-Flammable Organics,"4,4-Isopropylidenediphenol",97%,60,g,Prep Room,1,,,,,,
259,Non-Flammable Organics,Lauric Acid,Solid,20,g,Prep Room,1,,,,,,
260,Non-Flammable Organics,L-Leucine,Solid,8,g,Prep Room,1,,,,,,
261,Non-Flammable Organics,Luminol,Solid,3,g,Prep Room,1,,,,,,
262,Non-Flammable Organics,Maleic Acid,Solid,600,g,Prep Room,1,,,,,,
263,Non-Flammable Organics,Maleic Anhydride,Solid,2000,g,Prep Room,1,,,,,,
264,Non-Flammable Organics,Malonic Acid,99%,150,g,Prep Room,1,,,,,,
265,Non-Flammable Organics,Malonic Acid in KBr,?,1,L,Prep Room,1,,,,,,
266,Non-Flammable Organics,Melamine,99%,900,g,Prep Room,1,,,,,,
267,Non-Flammable Organics,4-Methoxybenzaldehyde,98%,80,mL,Prep Room,1,,,,,,
268,Non-Flammable Organics,2-Methoxyethyl Ether,99%,1100,mL,Prep Room,1,,,,,,
269,Non-Flammable Organics,Mesitylene,97%,200,mL,Prep Room,1,,,,,,
270,Non-Flammable Organics,Methyl Benzoate,99%,3.6,L,Prep Room,1,,,,,,
271,Non-Flammable Organics,3-Methyl-3-Pentanol,99%,300,mL,Prep Room,1,,,,,,
272,Non-Flammable Organics,1-Methyl-2-Pyrrolidinone,99%,40,mL,Prep Room,1,,,,,,
273,Non-Flammable Organics,Methyl Salicylate,98%,1200,mL,Prep Room,1,,,,,,
274,Non-Flammable Organics,2-Methylcyclohexanol,99%,800,mL,Prep Room,1,,,,,,
275,Non-Flammable Organics,N-Methylpyrrolidinone,?,200,mL,Prep Room,1,,,,,,
276,Non-Flammable Organics,Mineral Oil,95%,2,L,Prep Room,1,,,,,,
277,Non-Flammable Organics,1:1 Methanol:Water,50%,2.5,L,Prep Room,1,,,,,,
278,Non-Flammable Organics,Myristic Acid,Solid,50,g,Prep Room,1,,,,,,
279,Non-Flammable Organics,Napthalene,Solid,1,kg,Prep Room,1,,,,,,
280,Non-Flammable Organics,1-Naphthoic Acid,96%,70,g,Prep Room,1,,,,,,
281,Non-Flammable Organics,Alpha-Naphthol,Solid,400,g,Prep Room,1,,,,,,
282,Non-Flammable Organics,Beta-Naphthol,99%,1200,g,Prep Room,1,,,,,,
283,Non-Flammable Organics,1-Naphthylamine,99%,80,g,Prep Room,1,,,,,,
284,Non-Flammable Organics,4'-Nitroacetophenone,98%,80,g,Prep Room,1,,,,,,
285,Non-Flammable Organics,4-Nitroaniline,99%,400,g,Prep Room,1,,,,,,
286,Non-Flammable Organics,p-Nitroanisole,Solid,60,g,Prep Room,1,,,,,,
287,Non-Flammable Organics,p-Nitrobenzaldehyde,Solid,15,g,Prep Room,1,,,,,,
288,Non-Flammable Organics,4-Nitrophenol,99%,80,g,Prep Room,1,,,,,,
289,Non-Flammable Organics,4-(Nitrophenylazo) Resorcinol,Solid,4,g,Prep Room,1,,,,,,
290,Non-Flammable Organics,1-Octanol,99%,400,mL,Prep Room,1,,,,,,
291,Non-Flammable Organics,2-Octanone,98%,10,g,Prep Room,1,,,,,,
292,Non-Flammable Organics,Oxalic Acid,98%,400,g,Prep Room,1,,,,,,
293,Non-Flammable Organics,Oxalyl Chloride,98%,100,g,Prep Room,1,,,,,,
294,Non-Flammable Organics,Palmitic Acid,Solid,25,g,Prep Room,1,,,,,,
295,Non-Flammable Organics,Paraffin Wax,Solild,9,blocks,Prep Room,1,,,,,,
296,Non-Flammable Organics,Peanut Oil,Household,1/8,of a gallon,Prep Room,1,,,,,,
297,Non-Flammable Organics,"9,10-Phenanthrenequinone",95%,15,g,Prep Room,1,,,,,,
298,Non-Flammable Organics,"1,10-Phenanthroline",99%,30,g,Prep Room,1,,,,,,
299,Non-Flammable Organics,sec-Phenethyl Alcohol,98%,10,g,Prep Room,1,,,,,,
300,Non-Flammable Organics,Phenol,Solid,350,g,Prep Room,1,,,,,,
301,Non-Flammable Organics,Phenylacetic Acid,99%,50,g,Prep Room,1,,,,,,
302,Non-Flammable Organics,4-Phenylthiosemicarbazide,99%,8,g,Prep Room,1,,,,,,
303,Non-Flammable Organics,Phosphazene base,97%,3,mL,Prep Room,1,,,,,,
304,Non-Flammable Organics,Phosphomolybdic Acid,Solid,100,g,Prep Room,1,,,,,,
305,Non-Flammable Organics,Phthalate Acid,Solid,400,g,Prep Room,1,,,,,,
306,Non-Flammable Organics,Polyvinyl Alcohol,99%,2,kg,Prep Room,1,,,,,,
307,Non-Flammable Organics,Polyvinyl Alcohol,Solution,450,mL,Prep Room,1,,,,,,
308,Non-Flammable Organics,Ponceau S Solution,5%,800,mL,Prep Room,1,,,,,,
309,Non-Flammable Organics,Priopiophenone,99%,750,g,Prep Room,1,,,,,,
310,Non-Flammable Organics,4-Propylbenzoic Acid,97%,0.50,g,Prep Room,1,,,,,,
311,Non-Flammable Organics,Pyridine,Solution,1,L,Prep Room,1,,,,,,
312,Non-Flammable Organics,Pyridinium Tribromide,90%,400,g,Prep Room,1,,,,,,
313,Non-Flammable Organics,Salicylic Acid,Solid,400,g,Prep Room,1,,,,,,
314,Non-Flammable Organics,Sebacoyl Chloride,97%,100,g,Prep Room,1,,,,,,
315,Non-Flammable Organics,Semicarbazide Hydrochloride,99%,50,g,Prep Room,1,,,,,,
316,Non-Flammable Organics,Sorbic Acid,99%,50,g,Prep Room,1,,,,,,
317,Non-Flammable Organics,Stearic Acid,99%,30,g,Prep Room,1,,,,,,
318,Non-Flammable Organics,trans-Stilbene,96%,150,g,Prep Room,1,,,,,,
319,Non-Flammable Organics,Succinimide,Solid,800,g,Prep Room,1,,,,,,
320,Non-Flammable Organics,Sucrose,Solid,1500,g,Prep Room,1,,,,,,
321,Non-Flammable Organics,Sulfanilic Acid,99%,140,g,Prep Room,1,,,,,,
322,Non-Flammable Organics,Sulfonic Acid,Solid,40,g,Prep Room,1,,,,,,
323,Non-Flammable Organics,Tartaric Acid,Solid,600,g,Prep Room,1,,,,,,
324,Non-Flammable Organics,p-Terphenyl,99%,20,g,Prep Room,1,,,,,,
325,Non-Flammable Organics,Tetrabutylammoniumhydroxide,25%,125,mL,Prep Room,1,,,,,,
326,Non-Flammable Organics,Tetrachloroethylene,95%,3,L,Prep Room,1,,,,,,
327,Non-Flammable Organics,Theopylline,Solid,80,g,Prep Room,1,,,,,,
328,Non-Flammable Organics,Thioacetamide,Solid,120,g,Prep Room,1,,,,,,
329,Non-Flammable Organics,Thioacetamide,1.0 M,200,mL,Prep Room,1,,,,,,
330,Non-Flammable Organics,Tocopherol,40%,20,g,Prep Room,1,,,,,,
331,Non-Flammable Organics,p-Tolualdehyde,97%,40,mL,Prep Room,1,,,,,,
332,Non-Flammable Organics,m-Toluic Acid,99%,80,g,Prep Room,1,,,,,,
333,Non-Flammable Organics,o-Toluic Acid,99%,40,g,Prep Room,1,,,,,,
334,Non-Flammable Organics,p-Toluidine,99.70%,800,g,Prep Room,1,,,,,,
335,Non-Flammable Organics,"2,4,6-Trichlorophenol",98%,600,g,Prep Room,1,,,,,,
336,Non-Flammable Organics,Triethylene Glycol,99%,1600,mL,Prep Room,1,,,,,,
337,Non-Flammable Organics,"Trimethyl 1,3,5-benzenetricarboxylate",98%,5,g,Prep Room,1,,,,,,
338,Non-Flammable Organics,Triphenylmethanol,97%,40,g,Prep Room,1,,,,,,
339,Non-Flammable Organics,Triphenylphospine,99%,80,g,Prep Room,1,,,,,,
340,Non-Flammable Organics,Tween 80,58%,450,mL,Prep Room,1,,,,,,
341,Non-Flammable Organics,Undecanoic Acid,Solid,8,g,Prep Room,1,,,,,,
342,Non-Flammable Organics,Urea,100%,300,g,Prep Room,1,,,,,,
343,Biochem,Adenine,Solid,5,g,Prep Room,1,,,,,,
344,Biochem,Alpha Alanine,Solid,8,g,Prep Room,1,,,,,,
345,Biochem,Beta Alanine,Solid,2,g,Prep Room,1,,,,,,
346,Biochem,Albumin,Solid,1,g,Prep Room,1,,,,,,
347,Biochem,Aminoacetic Acid,Solid,1,g,Prep Room,1,,,,,,
348,Biochem,L-Arginine,Solid,10,g,Prep Room,1,,,,,,
349,Biochem,L-Ascorbic Acid,Solid,200,g,Prep Room,1,,,,,,
350,Biochem,L-Asparagine,Solid,2,g,Prep Room,1,,,,,,
351,Biochem,DL Aspartic Acid,Solid,1.5,g,Prep Room,1,,,,,,
352,Biochem,Bathophenanthroline,Solid,3,g,Prep Room,1,,,,,,
353,Biochem,Bio-Gel HT,Solid,600,g,Prep Room,1,,,,,,
354,Biochem,Brilliant Blue R,55%,25,g,Prep Room,1,,,,,,
355,Biochem,CM Cellulose,Solid,300,g,Prep Room,1,,,,,,
356,Biochem,DEAE Cellulose,Solid,150,g,Prep Room,1,,,,,,
357,Biochem,MN-Cellulose,Solid,300,g,Prep Room,1,,,,,,
358,Biochem,L Cystine,Solid,2,g,Prep Room,1,,,,,,
359,Biochem,L Cystine Hydrochloride,Solid,20,g,Prep Room,1,,,,,,
360,Biochem,Dextran 10,Solid,50,g,Prep Room,1,,,,,,
361,Biochem,Dextran T20,Solid,50,g,Prep Room,1,,,,,,
362,Biochem,Dextran T40,Solid,40,g,Prep Room,1,,,,,,
363,Biochem,Dextran T110 ,Solid,60,g,Prep Room,1,,,,,,
364,Biochem,Dextrine,Solid,500,g,Prep Room,1,,,,,,
365,Biochem,D-Fructose,98%,5000,g,Prep Room,1,,,,,,
366,Biochem,Gentian Violet,Solid,20,g,Prep Room,1,,,,,,
367,Biochem,D-Glucose,96%,1500,g,Prep Room,1,,,,,,
368,Biochem,Glucose Oxidase,Solid,0.20,g,Prep Room,1,,,,,,
369,Biochem,L Glutamic Acid,Solid,40,g,Prep Room,1,,,,,,
370,Biochem,L-Glutamine,99%,100,g,Prep Room,1,,,,,,
371,Biochem,Glycinamide,Solid,25,g,Prep Room,1,,,,,,
372,Biochem,Glycine,Solid,400,g,Prep Room,1,,,,,,
373,Biochem,Glycine Ethyl Ester,Solid,20,g,Prep Room,1,,,,,,
374,Biochem,Glycyl-Glycine,Solid,20,g,Prep Room,1,,,,,,
375,Biochem,L-Histidine HCl,Solid,2,g,Prep Room,1,,,,,,
376,Biochem,Isoleucine,Solid,5,g,Prep Room,1,,,,,,
377,Biochem,Lauryl Sufate,95%,300,g,Prep Room,1,,,,,,
378,Biochem,L-Lysine Dihydrochloride,Solid,20,g,Prep Room,1,,,,,,
379,Biochem,DL Methionine,Solid,3,g,Prep Room,1,,,,,,
380,Biochem,N-tris(hydroxymethyl)methyl-2-amino-ethane Sulfonic Acid,Solid,15,g,Prep Room,1,,,,,,
381,Biochem,3-(N-Morpholino)propanesulfonic Acid,Solid,300,g,Prep Room,1,,,,,,
382,Biochem,DL Norleucine,Solid,3,g,Prep Room,1,,,,,,
383,Biochem,DL Norvaline,Solid,3,g,Prep Room,1,,,,,,
384,Biochem,DL Phenylalanine,Solid,3,g,Prep Room,1,,,,,,
385,Biochem,Phenylglyoxal Monohydrate,97%,4,g,Prep Room,1,,,,,,
386,Biochem,L-Proline,Solid,40,g,Prep Room,1,,,,,,
387,Biochem,Protamine Sulfate,Solid,35,g,Prep Room,1,,,,,,
388,Biochem,Raffinose,Solid,20,g,Prep Room,1,,,,,,
389,Biochem,L-Rhamnose,Solid,20,g,Prep Room,1,,,,,,
390,Biochem,Riboflavin,Solid,80,g,Prep Room,1,,,,,,
391,Biochem,Sephadex,A-25,400,g,Prep Room,1,,,,,,
392,Biochem,Sephadex,C-25,50,g,Prep Room,1,,,,,,
393,Biochem,Sephadex,C-50,30,g,Prep Room,1,,,,,,
394,Biochem,Sephadex,G-10,100,g,Prep Room,1,,,,,,
395,Biochem,Sephadex,G-15,170,g,Prep Room,1,,,,,,
396,Biochem,Sephadex,G-25,20,g,Prep Room,1,,,,,,
397,Biochem,Sephadex,G-50,120,g,Prep Room,1,,,,,,
398,Biochem,Sephadex,G-100,100,g,Prep Room,1,,,,,,
399,Biochem,Sephadex,G-200,50,g,Prep Room,1,,,,,,
400,Biochem,Sephadex,LH-20,80,g,Prep Room,1,,,,,,
401,Biochem,DL Serine,Solid,3,g,Prep Room,1,,,,,,
402,Biochem,Sodium Dodecyl Sulfate,99%,70,g,Prep Room,1,,,,,,
403,Biochem,Sorbic Acid,99%,70,g,Prep Room,1,,,,,,
404,Biochem,Sucralose,Solid,70,g,Prep Room,1,,,,,,
405,Biochem,Sucrose,Solid,2.5,kg,Prep Room,1,,,,,,
406,Biochem,Starch,Solid,2,kg,Prep Room,1,,,,,,
407,Biochem,Sulphoxyethyl Cellulose,Solid,30,g,Prep Room,1,,,,,,
408,Biochem,TAPS,Solid,5,g,Prep Room,1,,,,,,
409,Biochem,DL Threonine,Solid,3,g,Prep Room,1,,,,,,
410,Biochem,L-Tryptophan,98%,25,g,Prep Room,1,,,,,,
411,Biochem,DL Tyrosine,Solid,20,g,Prep Room,1,,,,,,
412,Biochem,DL Valine,Solid,30,g,Prep Room,1,,,,,,
413,Biochem,Vitamin A,Solid,20,g,Prep Room,1,,,,,,
414,Biochem,Vitamin B,Solid,50,g,Prep Room,1,,,,,,
415,Synthetics,Amberlite,,1000,g,,1,,,,,,
416,Synthetics,Boiling Chips,,400,g,,1,,,,,,
417,Synthetics,Dessicant,,300,g,,1,,,,,,
418,Synthetics,Glass Beads,,100,g,,1,,,,,,
419,Synthetics,Molecular Sieves,,2100,g,,1,,,,,,
420,Synthetics,Plaster Paris,,400,g,,1,,,,,,
421,Synthetics,Resin,,2000,g,,1,,,,,,
422,Synthetics,Silica Gel,,2500,g,,1,,,,,,
423,Synthetics,Soda Lime,,400,g,,1,,,,,,
424,Indicators,Aluminon,Solid,15,g,,1,,,,,,
425,Indicators,Aluminon,0.10 M,300,mL,,1,,,,,,
426,Indicators,Aluminon,1%,50,mL,,1,,,,,,
427,Indicators,Amido Black,Solid,6,g,,1,,,,,,
428,Indicators,Ammonia Color Concentrate,Solid,5,g,,0,,,,,,
429,Indicators,Alizarin Red,0.20%,5,mL,,1,,,,,,
430,Indicators,Bromophenol Blue,,400,mL,,1,,,,,,
431,Indicators,Bromocresol Green,0.0000993,300,mL,,1,,,,,,
432,Indicators,Bromocresol Purple,,350,mL,,1,,,,,,
433,Indicators,Eriochrome Black,Solid,100,g,,1,,,,,,
434,Indicators,Magneson,,350,mL,,1,,,,,,
435,Indicators,Methylene Blue,1%,2,L,,1,,,,,,
436,Indicators,Methyl Orange,Solid,400,g,,1,,,,,,
437,Indicators,Methyl Orange,1%,500,mL,,,,,,,,
438,Indicators,Red Cabbage Extract,Solid,5,g,,1,,,,,,
439,Indicators,Methyl Red,Solid,10,g,,1,,,,,,
440,Indicators,Methyl Red,1%,500,mL,,,,,,,,
441,Indicators,Napthol Blue Black,Solid,25,g,,1,,,,,,
442,Indicators,Phenol Red,1%,80,mL,,1,,,,,,
443,Indicators,Starch Indicator,1%,25,mL,,1,,,,,,
444,Indicators,Thymol Blue,0.04%,50,mL,,1,,,,,,
445,Indicators,Universal Indicator,,700,mL,,1,,,,,,
446,Indicators,Phenolphthalein,Solid,800,g,,1,,,,,,
447,Indicators,Phenolphthalein,0.5% in 1:1 EtOH:H2O,500,mL,,1,,,,,,
448,Household Chemicals,Bleach,,800,mL,,,,,,,,
449,Household Chemicals,Clorox,,1/3,of a bottle,,,,,,,,
450,Household Chemicals,Vinegar,,1,L,,,,,,,,
451,Household Chemicals,Woolite,,1,can,,,,,,,,
452,Household Chemicals,WD-40,,1,can,,,,,,,,
453,Household Chemicals,Nail Polish Remover,,1/3,of a bottle,,,,,,,,
454,Household Chemicals,Table Salt,,1000,g,,,,,,,,
455,Household Chemicals,Glass and Surface Cleaner,,2,bottle,,,,,,,,
456,Household Chemicals,Comet Cleaner,,1,can,,,,,,,,
457,Household Chemicals,Gain Ultra,,0,bottle,,,,,,,,
458,Household Chemicals,Brewing Tablets,,1/2,bags,,,,,,,,
459,Household Chemicals,Greenworks Cleaner,,1/2,bottle,,,,,,,,
460,Household Chemicals,Durex,,1,gallon,,,,,,,,
461,Household Chemicals,Windex,,1/6,bottle,,,,,,,,
462,Household Chemicals,409 Cleaner,,1,bottle,,,,,,,,
463,Household Chemicals,Fantastik,,1,bottle,,,,,,,,
464,Household Chemicals,Baking Soda,,100,g,,,,,,,,
465,Household Chemicals,SOS Cleaner,,1/8,box,,,,,,,,
466,Household Chemicals,Sta-Flo Starch,,1,bottle,,,,,,,,
467,Household Chemicals,Ibuprofen,,3.5,bottles,,,,,,,,
468,Household Chemicals,Iodine,,1,bottle,,,,,,,,
469,Household Chemicals,Lemon Juice,,0,bottle,,,,,,,,
470,Household Chemicals,Lime Juice,,0,bottle,,,,,,,,
471,Household Chemicals,Sunscreen,,1,bottle,,,,,,,,
472,Household Chemicals,Spray On Sunscreen,,2,bottles,,,,,,,,
473,Household Chemicals,Naproxen,,2,bottles,,,,,,,,
474,Household Chemicals,Analgesic,,5,bottles,,,,,,,,
475,Household Chemicals,Magnesia,,1,bottle,,,,,,,,
476,Household Chemicals,Glycerin,,1 & 1/8,bottle,,,,,,,,
477,Household Chemicals,Mucinex,,0,bottle,,,,,,,,
478,Household Chemicals,Iron Tablet,,3/4,bottle,,,,,,,,
479,Household Chemicals,Antacid,,1/2 & 1/4,of a bottle,,,33 tablets,,,,,
480,Household Chemicals,Lactase,,120,tablets,,,,,,,,
481,Household Chemicals,Grecian Formula,,1,bottle,,,,,,,,
482,Household Chemicals,Shortening,,2,containers,,,,,,,,
483,Household Chemicals,Whey Protein,,2,large containers,,,,,,,,
484,Household Chemicals,Detergent,,4,bottles,,,(each has 1/2),,,,,
485,Household Chemicals,Coke,,2,liter,,,,,,,,
486,Household Chemicals,Hydrogen Peroxide,,1.10,bottles,,,,,,,,
487,Household Chemicals,Cotton Balls,,70,,,,,,,,,
488,Household Chemicals,Propel,,14,bottles,,,,,,,,
489,Household Chemicals,Shampoo,,1,bottle,,,,,,,,
490,Household Chemicals,Sugar,,3,bags,,,,,,,,
491,Household Chemicals,Nutmeg,,6,shakers,,,,,,,,
492,Household Chemicals,Green Tea,,1/2,a bag,,,,,,,,
493,Household Chemicals,Molasses,,1,container,,,,,,,,
494,Household Chemicals,Sand,,3/4,of a bottle,,,,,,,,
495,Household Chemicals,Meat Tenderizer,,3/4,shakers,,,,,,,,
496,Household Chemicals,Corn Syrup,,1,bottle,,,,,,,,
497,Household Chemicals,Corn Starch,,3,boxes,,,,,,,,
498,Household Chemicals,Kool-aid,,0,packets,,,,,,,,
499,Household Chemicals,Vegetable Oil,,2,L,,,,,,,,
500,Household Chemicals,Olive Oil,,1/6,bottle,,,,,,,,
501,Household Chemicals,RainX,,4,L,,,,,,,,
502,Household Chemicals,Antifreeze,,1,large bottle,,,,,,,,
503,Household Chemicals,Gallon Freezer Bag,,0,bags,,,,,,,,
504,Household Chemicals,Food Dye,,tons,,,,,,,,,
505,Household Chemicals,Misc. Snacks,,8,different things,,,,,,,,
506,Household Chemicals,Misc. Colored Water,,6,,,,,,,,,
507,Household Chemicals,Uriscan,,1000,strips,,,,,,,,
508,Household Chemicals,Isopropyl Alcohol,,10,ml,,,,,,,,
509,Household Chemicals,Borax,,1,big box,,,,,,,,
510,Household Chemicals,Rolaids,,68,tablets,,,,,,,,
511,Household Chemicals,Glucose meter test strips,,5,boxes,,,,,,,,
512,Household Chemicals,Multivitamin ,,3,bottles,,,,,,,,
513,Household Chemicals,Active yeast,,9,packets,,,,,,,,
514,Household Chemicals,Peanut oil,,1/8,of a gallon,,,,,,,,
515,Household Chemicals,Honey ,,1/4,of a bottle,,,,,,,,
516,Household Chemicals,Popcorn kernels ,,1,bottle,,,,,,,,
517,Household Chemicals,Centrum ,,2,bottle,,,,,,,,
518,Household Chemicals,Dog food,,1/4,of a bottle,,,,,,,,
519,Household Chemicals,Granulated Alum  ,,1/4,bottle,,,,,,,,
520,Household Chemicals,Lutein,,1/2,bottle,,,,,,,,
521,Household Chemicals,Anacin,,1,bottle,,,,,,,,
522,Household Chemicals,Aspirin ,,5,bottles,,,,,,,,
523,Household Chemicals,Vitamin C,,1,bottle,,,,,,,,
524,Household Chemicals,Zinc Lozenges,,1,bottle,,,,,,,,
525,Household Chemicals,Vitamin B-1,,2,bottles,,,,,,,,
526,Household Chemicals,Niacin,,2,bottles,,,,,,,,
527,Household Chemicals,Alka-Seltzer,,22,tablets,,,,,,,,
528,Household Chemicals,Moth ice crystals ,,1,can,,,,,,,,
529,Household Chemicals,The works cleaning bleach,6%,2,large container,,,,,,,,
530,Household Chemicals,Deodorant ,,1,stick,,,,,,,,
531,Household Chemicals,Purex,,1,large container,,,,,,,,
532,Household Chemicals,Mod Podge,,1,container,,,,,,,,
533,Household Chemicals,Hand sanitizer gel,,1,container,,,,,,,,
534,Household Chemicals,Black tea,,1,box,,,,,,,,
535,Inorganics,Aluminum,Solid,1200,g,,1,,,,,,
536,Inorganics,Aluminum Chloride,Solid,200,g,,1,,,,,,
537,Inorganics,Aluminum Nitrate,Solid,500,g,,1,,,,,,
538,Inorganics,Aluminum Nitrate,0.10 M,800,mL,,1,,,,,,
539,Inorganics,Aluminum Oxide,Solid,350,g,,1,,,,,,
540,Inorganics,Aluminum Sulfate,Solid,600,g,,1,,,,,,
541,Inorganics,Ammonia,2 M,100,mL,,1,,,,,,
542,Inorganics,Ammonium Bromide,Solid,400,g,,1,,,,,,
543,Inorganics,Ammonium Chloride,Solid,300,g,,1,,,,,,
544,Inorganics,Ammonium Dichromate,Solid,400,g,,1,,,,,,
545,Inorganics,Ammonium Hydroxide,2 M,250,mL,,1,,,,,,
546,Inorganics,Ammonium Iron (II) Sulfate,Solid,125,g,,1,,,,,,
547,Inorganics,Ammonium Iodide,Solid,15,g,,1,,,,,,
548,Inorganics,Ammonium Molybdate,Solid,450,g,,1,,,,,,
549,Inorganics,Ammonium Nitrate,Solid,1200,g,,1,,,,,,
550,Inorganics,Ammonium Oxalate,Solid,75,g,,1,,,,,,
551,Inorganics,Ammonium Oxalate,0.10 M,350,mL,,1,,,,,,
552,Inorganics,Ammonium Oxalate,0.25 M,400,mL,,1,,,,,,
553,Inorganics,Ammonium Phosphate,Solid,350,g,,1,,,,,,
554,Inorganics,Ammonium Sulfate,Solid,2750,g,,1,,,,,,
555,Inorganics,Ammonium Thiocyanate,Solid,450,g,,1,,,,,,
556,Inorganics,Arsenic (III) Oxide,Solid,125,g,,1,,,,,,
557,Inorganics,Barium Carbonate,Solid,400,g,,1,,,,,,
558,Inorganics,Barium Chloride,Solid,900,g,,1,,,,,,
559,Inorganics,Barium Chloride,0.10 M,1250,mL,,1,,,,,,
560,Inorganics,Barium Diphenylamine Sulfonate,Solid,75,g,,1,,,,,,
561,Inorganics,Barium Nitrate,Solid,300,g,,1,,,,,,
562,Inorganics,Barium Nitrate,0.10 M,1000,ml,,1,,,,,,
563,Inorganics,Barium Sulfate,Solid,200,g,,1,,,,,,
564,Inorganics,Bismuth Chloride,Solid,10,g,,1,,,,,,
565,Inorganics,Bismuth Chloride,0.10 M,450,mL,,1,,,,,,
566,Inorganics,Bromine,Liquid ,50,mL,,,,,,,,
567,Inorganics,Cadmium Nitrate,Solid,100,g,,1,,,,,,
568,Inorganics,Calcium,Solid,10,g,,1,,,,,,
569,Inorganics,Calcium ,1000ppm,350,ml,,1,,,,,,
570,Inorganics,Calcium Carbonate,Solid,3500,g,,1,,,,,,
571,Inorganics,Calcium Chloride Anhydrous,Solid,100,g,,1,,,,,,
572,Inorganics,Calcium Chloride Dihydrate,Solid,400,g,,1,,,,,,
573,Inorganics,Calcium Chloride,Solid,1100,g,,1,,,,,,
574,Inorganics,Calcium Chloride,0.10 M,200,mL,,1,,,,,,
575,Inorganics,Calcium Chloride,1.0 M,0,,,1,,,,,,
576,Inorganics,Calcium Chloride,10%,200,ml,,1,,,,,,
577,Inorganics,Calcium Hydroxide,Solid,300,g,,1,,,,,,
578,Inorganics,Calcium Hypochlorite,Solid,200,g,,1,,,,,,
579,Inorganics,Calcium Nitrate,Solid,500,g,,1,,,,,,
580,Inorganics,Calcium Nitrate,0.10 M,650,mL,,1,,,,,,
581,Inorganics,Calcium Phosphate,Solid,400,g,,1,,,,,,
582,Inorganics,Calcium Sulfate Anhydrous,Solid,400,g,,1,,,,,,
583,Inorganics,Calcium Hypochlorite,Solid,200,g,,1,,,,,,
584,Inorganics,Carbon (Charcoal),Solid,1000,g,,1,,,,,,
585,Inorganics,Carbon (Activated,Solid,800,g,,1,,,,,,
586,Inorganics,Carbon (Dye),Unknown,100,mL,,1,,,,,,
587,Inorganics,Carbon Tetrachloride,99%,500,mL,,1,,,,,,
588,Inorganics,Ceric Hydroxide,Solid,25,g,,1,,,,,,
589,Inorganics,Cerium Oxalate,Solid,100,g,,1,,,,,,
590,Inorganics,Chromium ,Solid,50,g,,1,,,,,,
591,Inorganics,Chromium Acetylacetonate,Solid,20,g,,1,,,,,,
592,Inorganics,Chromium Chloride,Solid,200,g,,1,,,,,,
593,Inorganics,Chromium (III) Nitrate,Solid,300,g,,1,,,,,,
594,Inorganics,Cobalt,,50,g,,,,,,,,
595,Inorganics,Cobalt (II) Chloride,Solid,200,g,,1,,,,,,
596,Inorganics,Cobalt (II) Chloride,1.0 M,3,L,,1,,,,,,
597,Inorganics,Cobalt (II) Nitrate,Solid,75,g,,1,,,,,,
598,Inorganics,Cobalt (II) Nitrate,0.10 M ,4,L,,1,,,,,,
599,Inorganics,Cobalt (II) Nitrate,1.0 M,3,L,,1,,,,,,
600,Inorganics,Copper,Solid,800,g,,1,,,,,,
601,Inorganics,Copper (II) Acetate,Solid,450,g,,1,,,,,,
602,Inorganics,Copper (II) Bromide,Solid,70,g,,1,,,,,,
603,Inorganics,Copper (I) Chloride,Solid,200,g,,1,,,,,,
604,Inorganics,Copper (II) Chloride,Solid,400,g,,1,,,,,,
605,Inorganics,Copper (II) Nitrate,Solid,300,g,,1,,,,,,
606,Inorganics,Copper (II) Nitrate,0.10 M,,,,1,,,,,,
607,Inorganics,Copper (II) Sulfate,Solid,1400,g,,1,,,,,,
608,Inorganics,Copper (II) Sulfate,0.0625 mL,,,,1,,,,,,
609,Inorganics,Copper (II) Sulfate,0.08 M,150,mL,,1,,,,,,
610,Inorganics,Copper (II) Sulfate,0.10 M,450,mL,,1,,,,,,
611,Inorganics,Copper (II) Sulfate,0.25 M,3800,mL,,1,,,,,,
612,Inorganics,Copper (II) Sulfate,0.50 M,400,mL,,1,,,,,,
613,Inorganics,Copper (II) Sulfate,0.80 M,600,ml,,1,,,,,,
614,Inorganics,Copper (II) Sulfate,1.0 M,1500,ml,,1,,,,,,
615,Inorganics,Iodine,Solid,200,g,,1,,,,,,
616,Inorganics,Iodine,1/10 Normal,900,ml,,1,,,,,,
617,Inorganics,Iron,Solid,300,g,,1,,,,,,
618,Inorganics,Iron (fillings),Solid,2000,g,,1,,,,,,
619,Inorganics,Iron (Wire),Solid,500,g,,1,,,,,,
620,Inorganics,Iron (II) Chloride,Solid,100,g,,1,,,,,,
621,Inorganics,Iron (III) Chloride,Solid,300,g,,1,,,,,,
622,Inorganics,Iron (III) Chloride,5%,1700,mL,,1,,,,,,
623,Inorganics,Iron (III) Nitrate,Solid,1300,g,,1,,,,,,
624,Inorganics,Iron (III) Nitrate,0.002 M,250,mL,,1,,,,,,
625,Inorganics,Iron (III) Nitrate,0.10 M ,200,mL,,1,,,,,,
626,Inorganics,Iron (III) Nitrate,0.20 M,200,mL,,1,,,,,,
627,Inorganics,Iron (III) Oxide,Solid,300,g,,1,,,,,,
628,Inorganics,Iron (II) Sulfate,Solid,1600,g,,1,,,,,,
629,Inorganics,Iron (II) Sulfate,0.10 M,600,mL,,,,,,,,
630,Inorganics,Lead,Solid,150,g,,1,,,,,,
631,Inorganics,Lead (II) Chloride,Solid,200,g,,1,,,,,,
632,Inorganics,Lead (II) Iodide,Solid,40,g,,1,,,,,,
633,Inorganics,Lead (II) Nitrate,Solid,750,g,,1,,,,,,
634,Inorganics,Lead (II) Nitrate,0.05 M,2200,mL,,1,,,,,,
635,Inorganics,Lead (II) Nitrate,0.10 M,600,mL,,1,,,,,,
636,Inorganics,Lithium,Solid,100,g,,1,,,,,,
637,Inorganics,Lithium Chloride,Solid,2,kg,,1,,,,,,
638,Inorganics,Lithium Nitrate,Solid,20,g,,1,,,,,,
639,Inorganics,Lithium Nitrate,0.50 M,250,mL,,1,,,,,,
640,Inorganics,Magnesium (Metal),Solid,200,g,,1,,,,,,
641,Inorganics,Magnesium (Turnings),Solid,2000,g,,1,,,,,,
642,Inorganics,Magnesium (Ribbon),Solid,75,g,,1,,,,,,
643,Inorganics,Magnesium Acetate,Solid,250,g,,1,,,,,,
644,Inorganics,Magesium Bromide,Solid,500,g,,1,,,,,,
645,Inorganics,Magnesium Chloride Hexahydrate,Solid,400,g,,1,,,,,,
646,Inorganics,Magnesium Hydroxide,Solid,400,g,,1,,,,,,
647,Inorganics,Magnesium Hydroxide,0.10 M,0,,,1,,,,,,
648,Inorganics,Magnesium Nitrate,Solid,2.5,kg,,1,,,,,,
649,Inorganics,Magnesium Nitrate,0.10 M,50,ml,,1,,,,,,
650,Inorganics,Magnesium Oxide,Solid,0,g,,1,,,,,,
651,Inorganics,Magnesium Sulfate,Solid,5000,g,,1,could not find this on the self with the Mg label,,,,,
652,Inorganics,Magnesium Sulfate (Old),Solid,2500,g,,1,,,,,,
653,Inorganics,Magnesium Sulfate,1.0 M,1.1,L,,1,,,,,,
654,Inorganics,Manganese,Solid,10,g,,1,,,,,,
655,Inorganics,Manganese (II) Chloride,Solid,30,g,,1,,,,,,
656,Inorganics,Manganese (IV) Dioxide,Solid,10,g,,1,,,,,,
657,Inorganics,Manganese (II) Sulfate,Solid,400,g,,1,,,,,,
658,Inorganics,Nickel,Solid,50,g,,1,,,,,,
659,Inorganics,Nickel (II) Chloride,Solid,800,g,,1,,,,,,
660,Inorganics,Nickel (II) Nitrate,Solid,1100,g,,1,,,,,,
661,Inorganics,Nickel (II) Nitrate,1.0 M,4.5,L,,1,,,,,,
662,Inorganics,Nickel (II) Nitrate,0.1 M,500,mL,,,,,,,,
663,Inorganics,Nickel (II) Sulfate,Solid,100,g,,1,,,,,,
664,Inorganics,Nickel (II) Sulfate,0.10 M,50,mL,,1,,,,,,
665,Inorganics,Palladium,Solid,20,g,,1,,,,,,
666,Inorganics,Platinum Oxide,Solid,3,g,,1,,,,,,
667,Inorganics,Hydrogen Hexachloro platinate (IV) hydrate,Solid,1,g,,1,,,,,,
668,Inorganics,Potassium,Solid,5,g,,1,,,,,,
669,Inorganics,Potassium Antimonyl Tartrate,Solid,400,g,,1,,,,,,
670,Inorganics,Potassium Biiodate,Solid,90,g,,1,,,,,,
671,Inorganics,Potassium Bromate,0.010 M,6,L,,1,,,,,,
672,Inorganics,Potassium Bromate,0.23 M,800,mL,,1,,,,,,
673,Inorganics,Potassium Bromide,Solid,400,g,,1,,,,,,
674,Inorganics,Potassium Bromide,0.10 M,4000,mL,,1,,,,,,
675,Inorganics,Potassium Bromide,1.0 M,2600,mL,,1,,,,,,
676,Inorganics,Potassium Bicarbonate,Solid,150,g,,1,,,,,,
677,Inorganics,Potassium Carbonate,Solid,300,g,,1,,,,,,
678,Inorganics,Potassium Carbonate,5%,400,mL,,1,,,,,,
679,Inorganics,Potassium Chlorate,Solid,200,g,,1,,,,,,
680,Inorganics,Potassium Chromate,0.10 M,400,mL,,1,,,,,,
681,Inorganics,Potassium Chromate,Solid,300,g,,1,,,,,,
682,Inorganics,Potassium Chloride,Solid,400,g,,1,,,,,,
683,Inorganics,Potassium Chloride,0.10 M,1200,mL,,1,,,,,,
684,Inorganics,Potassium Chloride,1.0 M,1,L,,1,,,,,,
685,Inorganics,Potassium Chloride,4 M,200,mL,,1,,,,,,
686,Inorganics,Potassium Chloride,Saturated,200,mL,,1,,,,,,
687,Inorganics,Potassium Citrate Monobasic,Solid,600,g,,1,,,,,,
688,Inorganics,Potassium Cyanide,Solid,5,g,,1,,,,,,
689,Inorganics,Potassium Dichromate,Solid,2.5,kg,,1,,,,,,
690,Inorganics,Potassium Ferrocyanide,Solid,70,g,,1,,,,,,
691,Inorganics,Potassium Hexacyano-ferrate (II) ,Solid,300,g,,,,,,,,
692,Inorganics,Potassium Hydrogen Phthalate,Solid,50,g,,1,,,,,,
693,Inorganics,Potassium Hydroxide,Solid,200,g,,1,,,,,,
694,Inorganics,Potassium Hydroxide ,1 M,100,mL,,1,,,,,,
695,Inorganics,Potassium Iodate,Solid,300,g,,1,,,,,,
696,Inorganics,Potassium Iodate,0.10 M,1350,mL,,1,,,,,,
697,Inorganics,Potassium Iodide,Solid,2500,g,,1,,,,,,
698,Inorganics,Potassium Iodide,0.10 M,2500,mL,,1,,,,,,
699,Inorganics,Potassium Iodide,1.0 M,2500,mL,,1,,,,,,
700,Inorganics,Potassium Iodide,Concentrated,200,mL,,1,,,,,,
701,Inorganics,Potassium Nitrate,Solid,400,g,,1,,,,,,
702,Inorganics,Potassium Nitrate,0.10 M,250,mL,,1,,,,,,
703,Inorganics,Potassium Oxalate,Solid,400,g,,1,,,,,,
704,Inorganics,Potassium Perchlorate,Solid,350,g,,1,,,,,,
705,Inorganics,Potassium Periodate,Solid,75,g,,1,,,,,,
706,Inorganics,Potassium Permanganate,Solid,200,g,,1,,,,,,
707,Inorganics,Potassium Permanganate,1.00 M,3.5,L,,1,,,,,,
708,Inorganics,Potassium Permanganate,Bulk Solid,2000,g,,1,,,,,,
709,Inorganics,Potassium Persulfate,Solid,300,g,,1,,,,,,
710,Inorganics,Potassium Phosphate,Solid,500,g,,1,,,,,,
711,Inorganics,Potassium Phosphate Monobasic,Solid,1750,g,,1,,,,,,
712,Inorganics,Potassium Sodium Tartrate,Solid,1200,g,,1,,,,,,
713,Inorganics,Potassium Sulfate,Solid,500,g,,1,,,,,,
714,Inorganics,Potassium Sulfate,0.10 M,1000,mL,,1,,,,,,
715,Inorganics,Potassium Thiocyanate,Solid,4000,g,,1,,,,,,
716,Inorganics,Potassium Thiocyanate,0.002 M,200,mL,,1,,,,,,
717,Inorganics,Potassium Thiocyanate,0.10 M,4000,mL,,1,,,,,,
718,Inorganics,Silica Acid,Solid,1500,g,,1,,,,,,
719,Inorganics,Silver (Powder),Solid,3,g,,1,,,,,,
720,Inorganics,Silver (Wire),Solid,15,g,,1,,,,,,
721,Inorganics,Silver Acetate,Solid,100,g,,1,,,,,,
722,Inorganics,Silver (I) Chloride,Solid,5,g,,1,,,,,,
723,Inorganics,Silver Nitrate,Solid,50,g,,1,,,,,,
724,Inorganics,Silver Nitrate,0.05 M,1.5,L,,1,,,,,,
725,Inorganics,Silver Nitrate,0.10 M,1200,mL,,1,,,,,,
726,Inorganics,Silver Nitrate,0.30 M,100,mL,,1,,,,,,
727,Inorganics,Silver Oxide,Solid,25,g,,1,,,,,,
728,Inorganics,Sodium,Solid,50,g,,1,,,,,,
729,Inorganics,Sodium Acetate,Solid,800,g,,1,,,,,,
730,Inorganics,Sodium Acetate,4.0 M,100,mL,,1,,,,,,
731,Inorganics,Sodium Benzoate,Solid,200,g,,1,,,,,,
732,Inorganics,Sodium Bicarbonate,Solid,4.5,kg,,1,,,,,,
733,Inorganics,Sodium Bicarbonate,10%,1,L,,1,,,,,,
734,Inorganics,Sodium Bicarbonate,Saturated,500,mL,,1,,,,,,
735,Inorganics,Sodium Bicarbonate,1.0 M,600,mL,,1,,,,,,
736,Inorganics,Sodium Bisulfite,Solid,600,g,,1,,,,,,
737,Inorganics,Sodium Bisulfite,Saturated,1,L,,1,,,,,,
738,Inorganics,Sodium Bromide,Solid,1000,g,,1,,,,,,
739,Inorganics,Sodium Bromide,0.1 M,10,mL,,1,,,,,,
740,Inorganics,Sodium Bismuthate,Solid,150,g,,1,,,,,,
741,Inorganics,Sodium Butyrate,Solid,3,g,,1,,,,,,
742,Inorganics,Sodium Carbonate,Solid,450,g,,1,,,,,,
743,Inorganics,Sodium Carbonate,0.10 M,700,mL,,1,,,,,,
744,Inorganics,Sodium Carbonate,0.125 M,10,mL,,1,,,,,,
745,Inorganics,Sodium Carbonate,1.0 M,500,mL,,1,,,,,,
746,Inorganics,Sodium Carbonate,5%,350,mL,,1,,,,,,
747,Inorganics,Sodium Carbonate,10%,400,mL,,1,,,,,,
748,Inorganics,Sodium Chloride,Solid,3.5,kg,,1,,,,,,
749,Inorganics,Sodium Chloride,0.10%,900,mL,,1,,,,,,
750,Inorganics,Sodium Chloride,0.10 M,1,L,,1,,,,,,
751,Inorganics,Sodium Chloride,Saturated,2800,mL,,1,,,,,,
752,Inorganics,Sodium Hydroxide,Solid,750,g,,1,,,,,,
753,Inorganics,Sodium Hydroxide,0.1 M,7,L,,1,,,,,,
754,Inorganics,Sodium Hydroxide,0.4 M,3,L,,1,,,,,,
755,Inorganics,Sodium Hydroxide,0.5 M,1,L,,1,,,,,,
756,Inorganics,Sodium Hydroxide,1.0 M,8,L,,1,,,,,,
757,Inorganics,Sodium Hydroxide,6 M,3,L,,1,,,,,,
758,Inorganics,Sodium Hydroxide,10%,500,mL,,1,,,,,,
759,Inorganics,Sodium Hydroxide,50%,100,mL,,1,,,,,,
760,Inorganics,Sodium Hydroxide,Lab Solutions,16,L,,1,,,,,,
761,Inorganics,Sodium Hydrogen Sulfite,Solid,50,g,,1,,,,,,
762,Inorganics,Sodium Iodate,Solid,450,g,,1,,,,,,
763,Inorganics,Sodium Iodide,Solid,450,g,,1,,,,,,
764,Inorganics,Sodium Iodide,12.50%,50,mL,,1,,,,,,
765,Inorganics,Sodium Nitrate,Solid,2100,g,,1,,,,,,
766,Inorganics,Sodium Nitrate,0.10 M,500,mL,,1,,,,,,
767,Inorganics,Sodium Nitrite,Solid,200,g,,1,,,,,,
768,Inorganics,Sodium Oxalate,Solid,400,g,,1,,,,,,
769,Inorganics,Sodium Oxalate,0.10 M,500,mL,,1,,,,,,
770,Inorganics,Sodium Pentacyanonitrosylferrate(III) Dihydrate,98%,20,g,,1,,,,,,
771,Inorganics,Sodium Perchlorate,Solid,10,g,,1,,,,,,
772,Inorganics,Sodium Polyphosphate,Solid,10,g,,1,,,,,,
773,Inorganics,Sodium Phosphate,Solid,400,g,,1,,,,,,
774,Inorganics,Sodium Phosphate Dibasic Dihydrate,Solid,350,g,,1,,,,,,
775,Inorganics,Sodium Phosphate,0.10 M,1.5,L,,1,,,,,,
776,Inorganics,Sodium Phosphate,0.30 M,750,mL,,1,,,,,,
777,Inorganics,Sodium Polyacrylate,Solid,10,g,,1,,,,,,
778,Inorganics,Sodium Pyrophosphate,Solid,450,g,,1,,,,,,
779,Inorganics,Sodium Salicylate,Solid,70,g,,1,,,,,,
780,Inorganics,Sodium Silicate,Solution,400,mL,,1,,,,,,
781,Inorganics,Sodium Sulfate,Solid,550,g,,1,,,,,,
782,Inorganics,Sodium Sulfate,0.10 M,1250,mL,,1,,,,,,
783,Inorganics,Sodium Sulfate,1.0 M,2200,mL,,1,,,,,,
784,Inorganics,Sodium Sulfide,0.10 M,500,mL,,1,,,,,,
785,Inorganics,Sodium Sulfite,Solid,400,g,,1,,,,,,
786,Inorganics,Sodium Tetraborate,Solid,900,g,,1,,,,,,
787,Inorganics,Sodium Tetraborate,Solution,700,mL,,1,,,,,,
788,Inorganics,Sodlium Thiosulfate,Solid,350,g,,1,,,,,,
789,Inorganics,Sodium Thiosulfate,Solution,900,mL,,1,,,,,,
790,Inorganics,Strontium Chloride,Solid,20,g,,1,,,,,,
791,Inorganics,Strontium Nitrate,Solid,5,g,,1,,,,,,
792,Inorganics,Strontium Nitrate,0.10 M,1,L,,1,,,,,,
793,Inorganics,Sulfur,Solid,1300,g,,1,,,,,,
794,Inorganics,Tin ,Solid,50,g,,1,,,,,,
795,Inorganics,Tin (II) Chloride,Solid,5,g,,1,,,,,,
796,Inorganics,Titanium,Solid,2,g,,1,,,,,,
797,Inorganics,Titanium (IV) Dioxide,Solid,300,g,,1,,,,,,
798,Inorganics,Rhodium,Solid,5,g,,1,,,,,,
799,Inorganics,Ruthenium,Solid,5,g,,1,,,,,,
800,Inorganics,Vanadium (V) Oxide,Solid,100,g,,1,,,,,,
801,Inorganics,Zinc,Metal,2500,g,,1,,,,,,
802,Inorganics,Zinc Strips,Solid,15,g,,1,,,,,,
803,Inorganics,Zinc Acetate,Solid,2,kg,,1,,,,,,
804,Inorganics,Zinc Chloride,Solid,350,g,,1,,,,,,
805,Inorganics,Zinc Chloride,0.10 M,200,mL,,1,,,,,,
806,Inorganics,Zinc Nitrate,Solid,350,g,,1,,,,,,
807,Inorganics,Zinc Nitrate,0.10 M,1,L,,1,,,,,,
808,Inorganics,Zinc Sulfate,Solid,150,g,,1,,,,,,
809,Inorganics,Zinc Sulfate,0.10 M,150,mL,,1,,,,,,
810,Inorganics,Zinc Sulfate,1.0 M,850,mL,,1,,,,,,
811,Inorganics,Zinc Sulfide,Solid,15,g,,1,,,,,,
