chemBottleIDNUM,chemAssociated,chemAmountInBottle,chemLocationRoom,chemLocationCabinet,chemLocationShelf
1,1,957 mL,327,Cabinet A,Shelf 3
2,2,732 mL,327,Cabinet A,Shelf 3
3,3,575 mL,327,Cabinet A,Shelf 2
4,4,306 mL,327,Cabinet A,Shelf 2
5,5,38 mL,327,Cabinet A,Shelf 1
6,6,945 mL,327,Cabinet B,Shelf 1
7,7,323 mL,327,Cabinet B,Shelf 2
8,8,239 mL,327,Cabinet A,Shelf 1
9,9,597 mL,327,Cabinet A,Shelf 3
10,10,441 mL,327,Cabinet C,Shelf 1
11,11,553 mL,327,Cabinet C,Shelf 1
12,12,959 mL,327,Cabinet B,Shelf 1
13,13,979 mL,327,Cabinet A,Shelf 1
14,14,729 mL,327,Cabinet B,Shelf 2
15,15,396 mL,327,Cabinet B,Shelf 3
16,16,53 mL,327,Cabinet C,Shelf 1
17,17,38 mL,327,Cabinet B,Shelf 1
18,18,699 mL,327,Cabinet B,Shelf 3
19,19,844 mL,327,Cabinet A,Shelf 1
20,20,711 mL,325,Cabinet C,Shelf 1
21,21,37 mL,325,Cabinet C,Shelf 2
22,22,665 mL,325,Cabinet A,Shelf 1
23,23,961 mL,325,Cabinet C,Shelf 2
24,24,617 mL,325,Cabinet C,Shelf 3
25,25,968 mL,325,Cabinet A,Shelf 3
26,26,467 mL,325,Cabinet C,Shelf 1
27,27,59 mL,325,Cabinet C,Shelf 3
28,28,228 mL,325,Cabinet A,Shelf 1
29,29,646 mL,323,Cabinet B,Shelf 2
30,30,766 mL,323,Cabinet C,Shelf 1
31,31,155 mL,323,Cabinet A,Shelf 2
32,32,996 mL,323,Cabinet B,Shelf 3
33,33,203 mL,323,Cabinet A,Shelf 1
34,34,794 mL,323,Cabinet C,Shelf 2
35,35,67 mL,323,Cabinet B,Shelf 3
36,36,568 mL,310,Cabinet A,Shelf 1
37,37,852 mL,310,Cabinet A,Shelf 1
38,38,253 mL,310,Cabinet B,Shelf 3
39,39,896 mL,310,Cabinet A,Shelf 3
40,40,688 mL,310,Cabinet B,Shelf 3
41,41,467 mL,Prep Room,Cabinet B,Shelf 3
42,42,738 mL,Prep Room,Cabinet A,Shelf 2
43,43,907 mL,Prep Room,Cabinet A,Shelf 2
44,44,972 mL,Prep Room,Cabinet B,Shelf 1
45,45,975 mL,Prep Room,Cabinet A,Shelf 2
46,46,397 mL,Prep Room,Cabinet A,Shelf 2
47,47,16 mL,Prep Room,Cabinet C,Shelf 2
48,48,38 mL,Prep Room,Cabinet B,Shelf 1
49,49,404 mL,Prep Room,Cabinet B,Shelf 1
50,50,560 mL,Prep Room,Cabinet A,Shelf 2
51,51,466 mL,Prep Room,Cabinet C,Shelf 3
52,52,727 mL,Prep Room,Cabinet C,Shelf 1
53,53,666 mL,Prep Room,Cabinet B,Shelf 2
54,54,417 mL,Prep Room,Cabinet A,Shelf 2
55,55,233 mL,Prep Room,Cabinet A,Shelf 1
56,56,378 mL,Prep Room,Cabinet A,Shelf 3
57,57,203 mL,Prep Room,Cabinet C,Shelf 1
58,58,452 mL,Prep Room,Cabinet C,Shelf 2
59,59,312 mL,Prep Room,Cabinet A,Shelf 1
60,60,302 mL,Prep Room,Cabinet B,Shelf 3
61,61,54 mL,Prep Room,Cabinet C,Shelf 1
62,62,140 mL,Prep Room,Cabinet C,Shelf 3
63,63,498 mL,Prep Room,Cabinet C,Shelf 3
64,64,869 mL,Prep Room,Cabinet B,Shelf 2
65,65,197 mL,Prep Room,Cabinet B,Shelf 1
66,66,738 mL,Prep Room,Cabinet C,Shelf 1
67,67,149 mL,Prep Room,Cabinet C,Shelf 1
68,68,632 mL,Prep Room,Cabinet C,Shelf 3
69,69,146 mL,Prep Room,Cabinet C,Shelf 1
70,70,102 mL,Prep Room,Cabinet B,Shelf 2
71,71,285 mL,Prep Room,Cabinet C,Shelf 2
72,72,93 mL,Prep Room,Cabinet C,Shelf 1
73,73,768 mL,Prep Room,Cabinet A,Shelf 1
74,74,968 mL,Prep Room,Cabinet A,Shelf 1
75,75,897 mL,Prep Room,Cabinet B,Shelf 3
76,76,80 mL,Prep Room,Cabinet C,Shelf 1
77,77,741 mL,Prep Room,Cabinet C,Shelf 2
78,78,555 mL,Prep Room,Cabinet C,Shelf 1
79,79,655 mL,Prep Room,Cabinet C,Shelf 3
80,80,929 mL,Prep Room,Cabinet B,Shelf 1
81,81,852 mL,Prep Room,Cabinet A,Shelf 2
82,82,499 mL,Prep Room,Cabinet B,Shelf 3
83,83,700 mL,Prep Room,Cabinet C,Shelf 2
84,84,162 mL,Prep Room,Cabinet C,Shelf 1
85,85,462 mL,Prep Room,Cabinet C,Shelf 1
86,86,781 mL,Prep Room,Cabinet A,Shelf 3
87,87,53 mL,Prep Room,Cabinet C,Shelf 1
88,88,901 mL,Prep Room,Cabinet C,Shelf 2
89,89,54 mL,Prep Room,Cabinet B,Shelf 2
90,90,805 mL,Prep Room,Cabinet C,Shelf 3
91,91,339 mL,Prep Room,Cabinet B,Shelf 2
92,92,568 mL,Prep Room,Cabinet A,Shelf 3
93,93,897 mL,Prep Room,Cabinet A,Shelf 2
94,94,444 mL,Prep Room,Cabinet B,Shelf 2
95,95,894 mL,Prep Room,Cabinet A,Shelf 2
96,96,964 mL,Prep Room,Cabinet A,Shelf 2
97,97,196 mL,Prep Room,Cabinet B,Shelf 1
98,98,147 mL,Prep Room,Cabinet C,Shelf 3
99,99,81 mL,Prep Room,Cabinet B,Shelf 1
100,100,135 mL,Prep Room,Cabinet B,Shelf 1
101,101,105 mL,Prep Room,Cabinet B,Shelf 1
102,102,547 mL,Prep Room,Cabinet A,Shelf 3
103,103,52 mL,Prep Room,Cabinet B,Shelf 1
104,104,787 mL,Prep Room,Cabinet C,Shelf 2
105,105,379 mL,Prep Room,Cabinet A,Shelf 1
106,106,615 mL,Prep Room,Cabinet B,Shelf 3
107,107,661 mL,Prep Room,Cabinet B,Shelf 1
108,108,374 mL,Prep Room,Cabinet B,Shelf 2
109,109,535 mL,Prep Room,Cabinet C,Shelf 1
110,110,635 mL,Prep Room,Cabinet C,Shelf 1
111,111,939 mL,Prep Room,Cabinet C,Shelf 3
112,112,88 mL,Prep Room,Cabinet B,Shelf 1
113,113,955 mL,Prep Room,Cabinet A,Shelf 1
114,114,761 mL,Prep Room,Cabinet B,Shelf 1
115,115,686 mL,Prep Room,Cabinet B,Shelf 3
116,116,430 mL,Prep Room,Cabinet A,Shelf 3
117,117,648 mL,Prep Room,Cabinet B,Shelf 2
118,118,295 mL,Prep Room,Cabinet A,Shelf 3
119,119,446 mL,Prep Room,Cabinet A,Shelf 2
120,120,732 mL,Prep Room,Cabinet B,Shelf 1
121,121,140 mL,Prep Room,Cabinet A,Shelf 3
122,122,809 mL,327,Cabinet A,Shelf 1
123,123,324 mL,327,Cabinet C,Shelf 2
124,124,104 mL,327,Cabinet A,Shelf 1
125,125,210 mL,327,Cabinet B,Shelf 2
126,126,649 mL,327,Cabinet A,Shelf 2
127,127,375 mL,327,Cabinet B,Shelf 2
128,128,138 mL,327,Cabinet C,Shelf 3
129,129,30 mL,327,Cabinet B,Shelf 3
130,130,797 mL,327,Cabinet C,Shelf 3
131,131,869 mL,327,Cabinet A,Shelf 3
132,132,569 mL,325,Cabinet C,Shelf 1
133,133,558 mL,325,Cabinet B,Shelf 2
134,134,485 mL,325,Cabinet B,Shelf 1
135,135,591 mL,325,Cabinet C,Shelf 2
136,136,147 mL,325,Cabinet C,Shelf 2
137,137,450 mL,325,Cabinet A,Shelf 3
138,138,738 mL,325,Cabinet C,Shelf 1
139,139,549 mL,325,Cabinet B,Shelf 2
140,140,720 mL,325,Cabinet A,Shelf 3
141,141,901 mL,325,Cabinet C,Shelf 2
142,142,640 mL,325,Cabinet A,Shelf 1
143,143,25 mL,325,Cabinet C,Shelf 1
144,144,43 mL,308,Cabinet B,Shelf 3
145,145,280 mL,308,Cabinet A,Shelf 3
146,146,642 mL,308,Cabinet A,Shelf 1
147,147,683 mL,308,Cabinet C,Shelf 3
148,148,422 mL,310,Cabinet C,Shelf 1
149,149,770 mL,310,Cabinet C,Shelf 1
150,150,353 mL,310,Cabinet C,Shelf 3
151,151,128 mL,310,Cabinet B,Shelf 1
152,152,662 mL,310,Cabinet C,Shelf 1
153,153,571 mL,Prep Room,Cabinet A,Shelf 3
154,154,527 mL,Prep Room,Cabinet C,Shelf 3
155,155,412 mL,Prep Room,Cabinet B,Shelf 1
156,156,789 mL,Prep Room,Cabinet B,Shelf 2
157,157,838 mL,Prep Room,Cabinet B,Shelf 3
158,158,735 mL,Prep Room,Cabinet A,Shelf 2
159,159,473 mL,Prep Room,Cabinet C,Shelf 2
160,160,541 mL,Prep Room,Cabinet C,Shelf 3
161,161,962 mL,Prep Room,Cabinet C,Shelf 1
162,162,826 mL,Prep Room,Cabinet C,Shelf 3
163,163,669 mL,Prep Room,Cabinet A,Shelf 1
164,164,448 mL,Prep Room,Cabinet C,Shelf 1
165,165,764 mL,Prep Room,Cabinet A,Shelf 1
166,166,615 mL,Prep Room,Cabinet A,Shelf 1
167,167,861 mL,Prep Room,Cabinet A,Shelf 1
168,168,270 mL,Prep Room,Cabinet A,Shelf 2
169,169,229 mL,Prep Room,Cabinet A,Shelf 1
170,170,690 mL,Prep Room,Cabinet B,Shelf 3
171,171,126 mL,Prep Room,Cabinet B,Shelf 1
172,172,846 mL,Prep Room,Cabinet B,Shelf 2
173,173,730 mL,Prep Room,Cabinet C,Shelf 1
174,174,374 mL,Prep Room,Cabinet A,Shelf 1
175,175,214 mL,Prep Room,Cabinet C,Shelf 2
176,176,250 mL,Prep Room,Cabinet A,Shelf 3
177,177,652 mL,Prep Room,Cabinet A,Shelf 1
178,178,914 mL,Prep Room,Cabinet C,Shelf 2
179,179,172 mL,Prep Room,Cabinet B,Shelf 3
180,180,605 mL,Prep Room,Cabinet C,Shelf 3
181,181,3 mL,Prep Room,Cabinet B,Shelf 2
182,182,821 mL,Prep Room,Cabinet B,Shelf 1
183,183,717 mL,Prep Room,Cabinet C,Shelf 1
184,184,248 mL,Prep Room,Cabinet A,Shelf 3
185,185,467 mL,Prep Room,Cabinet A,Shelf 2
186,186,771 mL,Prep Room,Cabinet C,Shelf 3
187,187,517 mL,Prep Room,Cabinet A,Shelf 3
188,188,793 mL,Prep Room,Cabinet A,Shelf 1
189,189,8 mL,Prep Room,Cabinet A,Shelf 3
190,190,657 mL,Prep Room,Cabinet C,Shelf 1
191,191,336 mL,Prep Room,Cabinet B,Shelf 1
192,192,716 mL,Prep Room,Cabinet B,Shelf 3
193,193,515 mL,Prep Room,Cabinet C,Shelf 1
194,194,413 mL,Prep Room,Cabinet B,Shelf 2
195,195,584 mL,Prep Room,Cabinet C,Shelf 1
196,196,705 mL,Prep Room,Cabinet A,Shelf 3
197,197,146 mL,Prep Room,Cabinet A,Shelf 2
198,198,80 mL,Prep Room,Cabinet C,Shelf 2
199,199,856 mL,Prep Room,Cabinet A,Shelf 3
200,200,287 mL,Prep Room,Cabinet C,Shelf 3
201,201,35 mL,Prep Room,Cabinet C,Shelf 3
202,202,48 mL,Prep Room,Cabinet B,Shelf 1
203,203,974 mL,Prep Room,Cabinet C,Shelf 2
204,204,919 mL,Prep Room,Cabinet B,Shelf 3
205,205,323 mL,Prep Room,Cabinet B,Shelf 1
206,206,383 mL,Prep Room,Cabinet A,Shelf 1
207,207,628 mL,Prep Room,Cabinet A,Shelf 2
208,208,224 mL,Prep Room,Cabinet B,Shelf 3
209,209,715 mL,Prep Room,Cabinet C,Shelf 2
210,210,738 mL,Prep Room,Cabinet A,Shelf 2
211,211,68 mL,Prep Room,Cabinet B,Shelf 3
212,212,689 mL,Prep Room,Cabinet C,Shelf 3
213,213,118 mL,Prep Room,Cabinet A,Shelf 1
214,214,788 mL,Prep Room,Cabinet A,Shelf 1
215,215,801 mL,Prep Room,Cabinet C,Shelf 2
216,216,150 mL,Prep Room,Cabinet A,Shelf 2
217,217,816 mL,Prep Room,Cabinet C,Shelf 1
218,218,896 mL,Prep Room,Cabinet B,Shelf 1
219,219,631 mL,Prep Room,Cabinet B,Shelf 2
220,220,986 mL,Prep Room,Cabinet C,Shelf 1
221,221,447 mL,Prep Room,Cabinet A,Shelf 1
222,222,586 mL,Prep Room,Cabinet B,Shelf 1
223,223,251 mL,Prep Room,Cabinet B,Shelf 3
224,224,700 mL,Prep Room,Cabinet A,Shelf 1
225,225,111 mL,Prep Room,Cabinet A,Shelf 1
226,226,699 mL,Prep Room,Cabinet B,Shelf 3
227,227,589 mL,Prep Room,Cabinet A,Shelf 3
228,228,941 mL,Prep Room,Cabinet A,Shelf 3
229,229,792 mL,Prep Room,Cabinet A,Shelf 1
230,230,717 mL,Prep Room,Cabinet C,Shelf 2
231,231,71 mL,Prep Room,Cabinet B,Shelf 1
232,232,592 mL,Prep Room,Cabinet C,Shelf 1
233,233,779 mL,Prep Room,Cabinet A,Shelf 1
234,234,778 mL,Prep Room,Cabinet A,Shelf 2
235,235,930 mL,Prep Room,Cabinet C,Shelf 3
236,236,496 mL,Prep Room,Cabinet A,Shelf 2
237,237,952 mL,Prep Room,Cabinet B,Shelf 2
238,238,756 mL,Prep Room,Cabinet A,Shelf 1
239,239,477 mL,Prep Room,Cabinet B,Shelf 2
240,240,407 mL,Prep Room,Cabinet B,Shelf 3
241,241,828 mL,Prep Room,Cabinet A,Shelf 1
242,242,443 mL,Prep Room,Cabinet B,Shelf 2
243,243,779 mL,Prep Room,Cabinet B,Shelf 1
244,244,17 mL,Prep Room,Cabinet C,Shelf 3
245,245,292 mL,Prep Room,Cabinet A,Shelf 3
246,246,258 mL,Prep Room,Cabinet A,Shelf 3
247,247,415 mL,Prep Room,Cabinet A,Shelf 2
248,248,781 mL,Prep Room,Cabinet B,Shelf 1
249,249,549 mL,Prep Room,Cabinet A,Shelf 3
250,250,972 mL,Prep Room,Cabinet B,Shelf 1
251,251,569 mL,Prep Room,Cabinet B,Shelf 1
252,252,970 mL,Prep Room,Cabinet B,Shelf 3
253,253,302 mL,Prep Room,Cabinet C,Shelf 1
254,254,493 mL,Prep Room,Cabinet A,Shelf 1
255,255,506 mL,Prep Room,Cabinet C,Shelf 1
256,256,237 mL,Prep Room,Cabinet A,Shelf 2
257,257,127 mL,Prep Room,Cabinet A,Shelf 3
258,258,314 mL,Prep Room,Cabinet B,Shelf 3
259,259,28 mL,Prep Room,Cabinet C,Shelf 2
260,260,173 mL,Prep Room,Cabinet A,Shelf 2
261,261,369 mL,Prep Room,Cabinet C,Shelf 2
262,262,279 mL,Prep Room,Cabinet C,Shelf 2
263,263,655 mL,Prep Room,Cabinet B,Shelf 3
264,264,833 mL,Prep Room,Cabinet A,Shelf 1
265,265,748 mL,Prep Room,Cabinet C,Shelf 3
266,266,638 mL,Prep Room,Cabinet A,Shelf 2
267,267,740 mL,Prep Room,Cabinet A,Shelf 1
268,268,668 mL,Prep Room,Cabinet C,Shelf 1
269,269,712 mL,Prep Room,Cabinet A,Shelf 2
270,270,820 mL,Prep Room,Cabinet B,Shelf 2
271,271,204 mL,Prep Room,Cabinet B,Shelf 2
272,272,178 mL,Prep Room,Cabinet A,Shelf 3
273,273,527 mL,Prep Room,Cabinet B,Shelf 3
274,274,186 mL,Prep Room,Cabinet B,Shelf 3
275,275,732 mL,Prep Room,Cabinet B,Shelf 3
276,276,917 mL,Prep Room,Cabinet A,Shelf 2
277,277,532 mL,Prep Room,Cabinet C,Shelf 1
278,278,101 mL,Prep Room,Cabinet A,Shelf 3
279,279,838 mL,Prep Room,Cabinet C,Shelf 1
280,280,150 mL,Prep Room,Cabinet C,Shelf 1
281,281,469 mL,Prep Room,Cabinet B,Shelf 3
282,282,252 mL,Prep Room,Cabinet C,Shelf 1
283,283,937 mL,Prep Room,Cabinet A,Shelf 3
284,284,23 mL,Prep Room,Cabinet A,Shelf 3
285,285,327 mL,Prep Room,Cabinet B,Shelf 1
286,286,836 mL,Prep Room,Cabinet A,Shelf 1
287,287,463 mL,Prep Room,Cabinet B,Shelf 1
288,288,24 mL,Prep Room,Cabinet B,Shelf 2
289,289,159 mL,Prep Room,Cabinet B,Shelf 3
290,290,924 mL,Prep Room,Cabinet C,Shelf 3
291,291,337 mL,Prep Room,Cabinet C,Shelf 3
292,292,11 mL,Prep Room,Cabinet C,Shelf 1
293,293,807 mL,Prep Room,Cabinet B,Shelf 1
294,294,957 mL,Prep Room,Cabinet A,Shelf 2
295,295,455 mL,Prep Room,Cabinet B,Shelf 1
296,296,718 mL,Prep Room,Cabinet B,Shelf 1
297,297,841 mL,Prep Room,Cabinet B,Shelf 1
298,298,154 mL,Prep Room,Cabinet B,Shelf 2
299,299,680 mL,Prep Room,Cabinet A,Shelf 3
300,300,689 mL,Prep Room,Cabinet A,Shelf 3
301,301,958 mL,Prep Room,Cabinet C,Shelf 2
302,302,869 mL,Prep Room,Cabinet A,Shelf 1
303,303,690 mL,Prep Room,Cabinet B,Shelf 2
304,304,872 mL,Prep Room,Cabinet C,Shelf 3
305,305,643 mL,Prep Room,Cabinet B,Shelf 1
306,306,828 mL,Prep Room,Cabinet B,Shelf 3
307,307,918 mL,Prep Room,Cabinet C,Shelf 2
308,308,884 mL,Prep Room,Cabinet B,Shelf 2
309,309,260 mL,Prep Room,Cabinet B,Shelf 2
310,310,290 mL,Prep Room,Cabinet C,Shelf 2
311,311,707 mL,Prep Room,Cabinet A,Shelf 3
312,312,385 mL,Prep Room,Cabinet A,Shelf 3
313,313,156 mL,Prep Room,Cabinet C,Shelf 3
314,314,29 mL,Prep Room,Cabinet B,Shelf 2
315,315,249 mL,Prep Room,Cabinet B,Shelf 2
316,316,346 mL,Prep Room,Cabinet B,Shelf 1
317,317,423 mL,Prep Room,Cabinet B,Shelf 3
318,318,638 mL,Prep Room,Cabinet C,Shelf 1
319,319,584 mL,Prep Room,Cabinet A,Shelf 3
320,320,434 mL,Prep Room,Cabinet A,Shelf 1
321,321,504 mL,Prep Room,Cabinet B,Shelf 1
322,322,411 mL,Prep Room,Cabinet A,Shelf 2
323,323,509 mL,Prep Room,Cabinet C,Shelf 1
324,324,262 mL,Prep Room,Cabinet B,Shelf 1
325,325,73 mL,Prep Room,Cabinet C,Shelf 2
326,326,493 mL,Prep Room,Cabinet C,Shelf 2
327,327,447 mL,Prep Room,Cabinet A,Shelf 2
328,328,301 mL,Prep Room,Cabinet B,Shelf 1
329,329,995 mL,Prep Room,Cabinet B,Shelf 2
330,330,336 mL,Prep Room,Cabinet C,Shelf 2
331,331,855 mL,Prep Room,Cabinet B,Shelf 2
332,332,520 mL,Prep Room,Cabinet B,Shelf 3
333,333,442 mL,Prep Room,Cabinet A,Shelf 2
334,334,73 mL,Prep Room,Cabinet A,Shelf 3
335,335,144 mL,Prep Room,Cabinet A,Shelf 1
336,336,101 mL,Prep Room,Cabinet C,Shelf 1
337,337,109 mL,Prep Room,Cabinet C,Shelf 1
338,338,745 mL,Prep Room,Cabinet A,Shelf 1
339,339,169 mL,Prep Room,Cabinet B,Shelf 1
340,340,373 mL,Prep Room,Cabinet B,Shelf 1
341,341,785 mL,Prep Room,Cabinet B,Shelf 2
342,342,497 mL,Prep Room,Cabinet C,Shelf 2
343,343,387 mL,Prep Room,Cabinet C,Shelf 1
344,344,104 mL,Prep Room,Cabinet C,Shelf 2
345,345,386 mL,Prep Room,Cabinet B,Shelf 2
346,346,278 mL,Prep Room,Cabinet A,Shelf 3
347,347,402 mL,Prep Room,Cabinet C,Shelf 1
348,348,210 mL,Prep Room,Cabinet C,Shelf 2
349,349,817 mL,Prep Room,Cabinet B,Shelf 3
350,350,915 mL,Prep Room,Cabinet A,Shelf 2
351,351,871 mL,Prep Room,Cabinet B,Shelf 3
352,352,565 mL,Prep Room,Cabinet C,Shelf 1
353,353,161 mL,Prep Room,Cabinet C,Shelf 1
354,354,331 mL,Prep Room,Cabinet C,Shelf 1
355,355,89 mL,Prep Room,Cabinet C,Shelf 2
356,356,628 mL,Prep Room,Cabinet C,Shelf 1
357,357,846 mL,Prep Room,Cabinet C,Shelf 2
358,358,929 mL,Prep Room,Cabinet C,Shelf 2
359,359,2 mL,Prep Room,Cabinet B,Shelf 2
360,360,530 mL,Prep Room,Cabinet A,Shelf 1
361,361,399 mL,Prep Room,Cabinet A,Shelf 2
362,362,183 mL,Prep Room,Cabinet C,Shelf 1
363,363,144 mL,Prep Room,Cabinet B,Shelf 2
364,364,811 mL,Prep Room,Cabinet C,Shelf 1
365,365,18 mL,Prep Room,Cabinet B,Shelf 1
366,366,925 mL,Prep Room,Cabinet A,Shelf 3
367,367,698 mL,Prep Room,Cabinet A,Shelf 3
368,368,772 mL,Prep Room,Cabinet B,Shelf 3
369,369,510 mL,Prep Room,Cabinet B,Shelf 3
370,370,711 mL,Prep Room,Cabinet B,Shelf 3
371,371,973 mL,Prep Room,Cabinet C,Shelf 2
372,372,435 mL,Prep Room,Cabinet A,Shelf 1
373,373,524 mL,Prep Room,Cabinet A,Shelf 3
374,374,254 mL,Prep Room,Cabinet A,Shelf 2
375,375,338 mL,Prep Room,Cabinet B,Shelf 3
376,376,355 mL,Prep Room,Cabinet A,Shelf 1
377,377,412 mL,Prep Room,Cabinet C,Shelf 1
378,378,362 mL,Prep Room,Cabinet C,Shelf 1
379,379,61 mL,Prep Room,Cabinet C,Shelf 1
380,380,433 mL,Prep Room,Cabinet A,Shelf 1
381,381,116 mL,Prep Room,Cabinet B,Shelf 1
382,382,987 mL,Prep Room,Cabinet A,Shelf 1
383,383,475 mL,Prep Room,Cabinet A,Shelf 3
384,384,457 mL,Prep Room,Cabinet A,Shelf 2
385,385,368 mL,Prep Room,Cabinet B,Shelf 2
386,386,324 mL,Prep Room,Cabinet C,Shelf 1
387,387,791 mL,Prep Room,Cabinet A,Shelf 1
388,388,635 mL,Prep Room,Cabinet A,Shelf 2
389,389,522 mL,Prep Room,Cabinet A,Shelf 1
390,390,67 mL,Prep Room,Cabinet C,Shelf 1
391,391,766 mL,Prep Room,Cabinet B,Shelf 1
392,392,484 mL,Prep Room,Cabinet A,Shelf 2
393,393,356 mL,Prep Room,Cabinet B,Shelf 2
394,394,170 mL,Prep Room,Cabinet C,Shelf 1
395,395,800 mL,Prep Room,Cabinet C,Shelf 3
396,396,616 mL,Prep Room,Cabinet C,Shelf 3
397,397,805 mL,Prep Room,Cabinet B,Shelf 1
398,398,952 mL,Prep Room,Cabinet A,Shelf 2
399,399,127 mL,Prep Room,Cabinet B,Shelf 3
400,400,804 mL,Prep Room,Cabinet B,Shelf 2
401,401,742 mL,Prep Room,Cabinet B,Shelf 1
402,402,377 mL,Prep Room,Cabinet A,Shelf 2
403,403,112 mL,Prep Room,Cabinet A,Shelf 3
404,404,500 mL,Prep Room,Cabinet A,Shelf 2
405,405,797 mL,Prep Room,Cabinet C,Shelf 2
406,406,537 mL,Prep Room,Cabinet A,Shelf 3
407,407,753 mL,Prep Room,Cabinet B,Shelf 3
408,408,742 mL,Prep Room,Cabinet B,Shelf 2
409,409,235 mL,Prep Room,Cabinet A,Shelf 2
410,410,891 mL,Prep Room,Cabinet C,Shelf 1
411,411,982 mL,Prep Room,Cabinet C,Shelf 1
412,412,939 mL,Prep Room,Cabinet B,Shelf 2
413,413,536 mL,Prep Room,Cabinet A,Shelf 1
414,414,495 mL,Prep Room,Cabinet C,Shelf 2
415,415,52 mL,None,Cabinet B,Shelf 1
416,416,912 mL,None,Cabinet B,Shelf 1
417,417,483 mL,None,Cabinet B,Shelf 2
418,418,859 mL,None,Cabinet B,Shelf 1
419,419,611 mL,None,Cabinet A,Shelf 3
420,420,229 mL,None,Cabinet A,Shelf 1
421,421,863 mL,None,Cabinet C,Shelf 1
422,422,130 mL,None,Cabinet C,Shelf 1
423,423,555 mL,None,Cabinet B,Shelf 2
424,424,180 mL,None,Cabinet C,Shelf 1
425,425,178 mL,None,Cabinet B,Shelf 3
426,426,566 mL,None,Cabinet B,Shelf 1
427,427,200 mL,None,Cabinet C,Shelf 2
428,428,222 mL,None,Cabinet A,Shelf 2
429,429,797 mL,None,Cabinet A,Shelf 1
430,430,363 mL,None,Cabinet A,Shelf 1
431,431,585 mL,None,Cabinet B,Shelf 1
432,432,362 mL,None,Cabinet A,Shelf 2
433,433,10 mL,None,Cabinet A,Shelf 1
434,434,449 mL,None,Cabinet A,Shelf 3
435,435,546 mL,None,Cabinet C,Shelf 1
436,436,707 mL,None,Cabinet A,Shelf 2
437,437,22 mL,None,Cabinet A,Shelf 1
438,438,638 mL,None,Cabinet B,Shelf 2
439,439,86 mL,None,Cabinet C,Shelf 1
440,440,557 mL,None,Cabinet B,Shelf 2
441,441,678 mL,None,Cabinet B,Shelf 3
442,442,435 mL,None,Cabinet A,Shelf 1
443,443,351 mL,None,Cabinet B,Shelf 1
444,444,280 mL,None,Cabinet A,Shelf 2
445,445,623 mL,None,Cabinet C,Shelf 2
446,446,635 mL,None,Cabinet C,Shelf 2
447,447,327 mL,None,Cabinet C,Shelf 3
448,448,980 mL,None,Cabinet B,Shelf 2
449,449,797 mL,None,Cabinet C,Shelf 2
450,450,267 mL,None,Cabinet A,Shelf 2
451,451,427 mL,None,Cabinet A,Shelf 2
452,452,924 mL,None,Cabinet B,Shelf 2
453,453,426 mL,None,Cabinet C,Shelf 2
454,454,172 mL,None,Cabinet B,Shelf 1
455,455,807 mL,None,Cabinet A,Shelf 3
456,456,893 mL,None,Cabinet C,Shelf 3
457,457,297 mL,None,Cabinet C,Shelf 3
458,458,607 mL,None,Cabinet A,Shelf 3
459,459,266 mL,None,Cabinet A,Shelf 1
460,460,199 mL,None,Cabinet B,Shelf 2
461,461,102 mL,None,Cabinet A,Shelf 2
462,462,163 mL,None,Cabinet B,Shelf 1
463,463,166 mL,None,Cabinet C,Shelf 3
464,464,16 mL,None,Cabinet A,Shelf 3
465,465,841 mL,None,Cabinet C,Shelf 3
466,466,281 mL,None,Cabinet C,Shelf 1
467,467,802 mL,None,Cabinet A,Shelf 2
468,468,705 mL,None,Cabinet A,Shelf 1
469,469,327 mL,None,Cabinet A,Shelf 3
470,470,604 mL,None,Cabinet A,Shelf 3
471,471,632 mL,None,Cabinet B,Shelf 2
472,472,318 mL,None,Cabinet C,Shelf 2
473,473,879 mL,None,Cabinet B,Shelf 2
474,474,275 mL,None,Cabinet C,Shelf 1
475,475,744 mL,None,Cabinet B,Shelf 3
476,476,374 mL,None,Cabinet A,Shelf 2
477,477,726 mL,None,Cabinet A,Shelf 2
478,478,273 mL,None,Cabinet C,Shelf 3
479,479,919 mL,None,Cabinet A,Shelf 3
480,480,463 mL,None,Cabinet C,Shelf 3
481,481,32 mL,None,Cabinet A,Shelf 3
482,482,46 mL,None,Cabinet C,Shelf 1
483,483,663 mL,None,Cabinet C,Shelf 2
484,484,343 mL,None,Cabinet B,Shelf 2
485,485,346 mL,None,Cabinet A,Shelf 1
486,486,248 mL,None,Cabinet A,Shelf 1
487,487,233 mL,None,Cabinet A,Shelf 3
488,488,576 mL,None,Cabinet C,Shelf 3
489,489,801 mL,None,Cabinet B,Shelf 3
490,490,870 mL,None,Cabinet C,Shelf 1
491,491,845 mL,None,Cabinet A,Shelf 3
492,492,563 mL,None,Cabinet B,Shelf 1
493,493,368 mL,None,Cabinet C,Shelf 3
494,494,813 mL,None,Cabinet C,Shelf 3
495,495,518 mL,None,Cabinet B,Shelf 1
496,496,991 mL,None,Cabinet C,Shelf 1
497,497,471 mL,None,Cabinet C,Shelf 3
498,498,917 mL,None,Cabinet A,Shelf 2
499,499,122 mL,None,Cabinet A,Shelf 2
500,500,379 mL,None,Cabinet B,Shelf 2
501,501,954 mL,None,Cabinet C,Shelf 2
502,502,454 mL,None,Cabinet B,Shelf 1
503,503,490 mL,None,Cabinet C,Shelf 3
504,504,984 mL,None,Cabinet A,Shelf 2
505,505,47 mL,None,Cabinet A,Shelf 2
506,506,623 mL,None,Cabinet A,Shelf 1
507,507,549 mL,None,Cabinet C,Shelf 2
508,508,799 mL,None,Cabinet C,Shelf 1
509,509,296 mL,None,Cabinet C,Shelf 1
510,510,355 mL,None,Cabinet A,Shelf 3
511,511,899 mL,None,Cabinet B,Shelf 3
512,512,704 mL,None,Cabinet C,Shelf 2
513,513,17 mL,None,Cabinet C,Shelf 2
514,514,143 mL,None,Cabinet A,Shelf 1
515,515,555 mL,None,Cabinet C,Shelf 3
516,516,430 mL,None,Cabinet B,Shelf 2
517,517,845 mL,None,Cabinet C,Shelf 1
518,518,802 mL,None,Cabinet C,Shelf 3
519,519,175 mL,None,Cabinet A,Shelf 1
520,520,822 mL,None,Cabinet A,Shelf 1
521,521,938 mL,None,Cabinet C,Shelf 3
522,522,502 mL,None,Cabinet B,Shelf 3
523,523,585 mL,None,Cabinet C,Shelf 3
524,524,65 mL,None,Cabinet B,Shelf 3
525,525,781 mL,None,Cabinet B,Shelf 1
526,526,487 mL,None,Cabinet C,Shelf 3
527,527,922 mL,None,Cabinet B,Shelf 1
528,528,114 mL,None,Cabinet C,Shelf 1
529,529,847 mL,None,Cabinet A,Shelf 3
530,530,325 mL,None,Cabinet A,Shelf 3
531,531,370 mL,None,Cabinet A,Shelf 3
532,532,735 mL,None,Cabinet B,Shelf 2
533,533,726 mL,None,Cabinet C,Shelf 1
534,534,983 mL,None,Cabinet A,Shelf 2
535,535,626 mL,None,Cabinet C,Shelf 2
536,536,255 mL,None,Cabinet A,Shelf 3
537,537,465 mL,None,Cabinet B,Shelf 2
538,538,646 mL,None,Cabinet B,Shelf 1
539,539,81 mL,None,Cabinet A,Shelf 1
540,540,697 mL,None,Cabinet C,Shelf 3
541,541,130 mL,None,Cabinet B,Shelf 1
542,542,932 mL,None,Cabinet A,Shelf 2
543,543,874 mL,None,Cabinet A,Shelf 3
544,544,848 mL,None,Cabinet A,Shelf 2
545,545,546 mL,None,Cabinet A,Shelf 1
546,546,715 mL,None,Cabinet B,Shelf 3
547,547,588 mL,None,Cabinet C,Shelf 1
548,548,355 mL,None,Cabinet A,Shelf 2
549,549,468 mL,None,Cabinet C,Shelf 3
550,550,364 mL,None,Cabinet A,Shelf 1
551,551,83 mL,None,Cabinet A,Shelf 1
552,552,809 mL,None,Cabinet C,Shelf 3
553,553,27 mL,None,Cabinet A,Shelf 1
554,554,440 mL,None,Cabinet C,Shelf 1
555,555,987 mL,None,Cabinet B,Shelf 3
556,556,578 mL,None,Cabinet B,Shelf 2
557,557,901 mL,None,Cabinet B,Shelf 1
558,558,36 mL,None,Cabinet A,Shelf 3
559,559,514 mL,None,Cabinet C,Shelf 2
560,560,391 mL,None,Cabinet B,Shelf 3
561,561,732 mL,None,Cabinet A,Shelf 2
562,562,224 mL,None,Cabinet A,Shelf 3
563,563,469 mL,None,Cabinet B,Shelf 1
564,564,216 mL,None,Cabinet B,Shelf 1
565,565,709 mL,None,Cabinet B,Shelf 3
566,566,189 mL,None,Cabinet C,Shelf 3
567,567,367 mL,None,Cabinet A,Shelf 3
568,568,229 mL,None,Cabinet B,Shelf 3
569,569,328 mL,None,Cabinet C,Shelf 1
570,570,995 mL,None,Cabinet B,Shelf 2
571,571,14 mL,None,Cabinet C,Shelf 2
572,572,931 mL,None,Cabinet A,Shelf 1
573,573,804 mL,None,Cabinet B,Shelf 2
574,574,285 mL,None,Cabinet A,Shelf 2
575,575,273 mL,None,Cabinet C,Shelf 1
576,576,935 mL,None,Cabinet B,Shelf 1
577,577,620 mL,None,Cabinet A,Shelf 3
578,578,94 mL,None,Cabinet A,Shelf 2
579,579,540 mL,None,Cabinet A,Shelf 2
580,580,439 mL,None,Cabinet B,Shelf 2
581,581,422 mL,None,Cabinet A,Shelf 2
582,582,291 mL,None,Cabinet C,Shelf 2
583,583,499 mL,None,Cabinet B,Shelf 2
584,584,558 mL,None,Cabinet A,Shelf 3
585,585,942 mL,None,Cabinet B,Shelf 2
586,586,774 mL,None,Cabinet C,Shelf 1
587,587,997 mL,None,Cabinet A,Shelf 1
588,588,350 mL,None,Cabinet B,Shelf 3
589,589,621 mL,None,Cabinet B,Shelf 1
590,590,517 mL,None,Cabinet A,Shelf 2
591,591,950 mL,None,Cabinet A,Shelf 1
592,592,671 mL,None,Cabinet B,Shelf 1
593,593,243 mL,None,Cabinet C,Shelf 2
594,594,711 mL,None,Cabinet A,Shelf 1
595,595,344 mL,None,Cabinet B,Shelf 2
596,596,44 mL,None,Cabinet B,Shelf 3
597,597,835 mL,None,Cabinet C,Shelf 2
598,598,673 mL,None,Cabinet A,Shelf 2
599,599,622 mL,None,Cabinet A,Shelf 1
600,600,696 mL,None,Cabinet C,Shelf 3
601,601,253 mL,None,Cabinet A,Shelf 3
602,602,163 mL,None,Cabinet B,Shelf 3
603,603,112 mL,None,Cabinet C,Shelf 2
604,604,177 mL,None,Cabinet B,Shelf 2
605,605,98 mL,None,Cabinet A,Shelf 3
606,606,250 mL,None,Cabinet A,Shelf 3
607,607,172 mL,None,Cabinet A,Shelf 1
608,608,99 mL,None,Cabinet C,Shelf 3
609,609,829 mL,None,Cabinet B,Shelf 3
610,610,79 mL,None,Cabinet C,Shelf 2
611,611,798 mL,None,Cabinet A,Shelf 1
612,612,268 mL,None,Cabinet B,Shelf 3
613,613,445 mL,None,Cabinet B,Shelf 2
614,614,952 mL,None,Cabinet B,Shelf 1
615,615,795 mL,None,Cabinet B,Shelf 3
616,616,469 mL,None,Cabinet B,Shelf 1
617,617,321 mL,None,Cabinet A,Shelf 2
618,618,760 mL,None,Cabinet B,Shelf 3
619,619,912 mL,None,Cabinet B,Shelf 3
620,620,516 mL,None,Cabinet B,Shelf 1
621,621,402 mL,None,Cabinet A,Shelf 1
622,622,21 mL,None,Cabinet C,Shelf 3
623,623,764 mL,None,Cabinet C,Shelf 1
624,624,285 mL,None,Cabinet A,Shelf 3
625,625,439 mL,None,Cabinet C,Shelf 3
626,626,776 mL,None,Cabinet C,Shelf 3
627,627,284 mL,None,Cabinet A,Shelf 3
628,628,489 mL,None,Cabinet B,Shelf 2
629,629,267 mL,None,Cabinet B,Shelf 2
630,630,187 mL,None,Cabinet A,Shelf 3
631,631,162 mL,None,Cabinet A,Shelf 3
632,632,799 mL,None,Cabinet A,Shelf 2
633,633,499 mL,None,Cabinet C,Shelf 3
634,634,714 mL,None,Cabinet C,Shelf 1
635,635,466 mL,None,Cabinet B,Shelf 2
636,636,75 mL,None,Cabinet C,Shelf 2
637,637,511 mL,None,Cabinet C,Shelf 1
638,638,598 mL,None,Cabinet A,Shelf 3
639,639,885 mL,None,Cabinet A,Shelf 3
640,640,555 mL,None,Cabinet C,Shelf 2
641,641,606 mL,None,Cabinet C,Shelf 2
642,642,661 mL,None,Cabinet B,Shelf 2
643,643,270 mL,None,Cabinet B,Shelf 3
644,644,926 mL,None,Cabinet B,Shelf 2
645,645,774 mL,None,Cabinet B,Shelf 1
646,646,34 mL,None,Cabinet C,Shelf 3
647,647,545 mL,None,Cabinet C,Shelf 3
648,648,711 mL,None,Cabinet B,Shelf 1
649,649,805 mL,None,Cabinet A,Shelf 3
650,650,562 mL,None,Cabinet C,Shelf 3
651,651,833 mL,None,Cabinet B,Shelf 1
652,652,382 mL,None,Cabinet A,Shelf 3
653,653,873 mL,None,Cabinet B,Shelf 3
654,654,264 mL,None,Cabinet C,Shelf 3
655,655,462 mL,None,Cabinet B,Shelf 3
656,656,142 mL,None,Cabinet B,Shelf 1
657,657,710 mL,None,Cabinet B,Shelf 1
658,658,833 mL,None,Cabinet C,Shelf 2
659,659,240 mL,None,Cabinet C,Shelf 2
660,660,91 mL,None,Cabinet B,Shelf 1
661,661,117 mL,None,Cabinet B,Shelf 3
662,662,270 mL,None,Cabinet B,Shelf 1
663,663,775 mL,None,Cabinet C,Shelf 3
664,664,608 mL,None,Cabinet C,Shelf 1
665,665,125 mL,None,Cabinet B,Shelf 3
666,666,119 mL,None,Cabinet B,Shelf 2
667,667,33 mL,None,Cabinet A,Shelf 1
668,668,502 mL,None,Cabinet B,Shelf 2
669,669,367 mL,None,Cabinet A,Shelf 2
670,670,338 mL,None,Cabinet B,Shelf 3
671,671,721 mL,None,Cabinet B,Shelf 1
672,672,577 mL,None,Cabinet B,Shelf 3
673,673,854 mL,None,Cabinet A,Shelf 1
674,674,320 mL,None,Cabinet C,Shelf 2
675,675,415 mL,None,Cabinet C,Shelf 1
676,676,3 mL,None,Cabinet C,Shelf 2
677,677,604 mL,None,Cabinet C,Shelf 1
678,678,165 mL,None,Cabinet A,Shelf 1
679,679,388 mL,None,Cabinet B,Shelf 3
680,680,196 mL,None,Cabinet A,Shelf 1
681,681,723 mL,None,Cabinet C,Shelf 3
682,682,241 mL,None,Cabinet C,Shelf 1
683,683,277 mL,None,Cabinet C,Shelf 1
684,684,152 mL,None,Cabinet B,Shelf 2
685,685,109 mL,None,Cabinet C,Shelf 3
686,686,45 mL,None,Cabinet C,Shelf 1
687,687,835 mL,None,Cabinet C,Shelf 3
688,688,874 mL,None,Cabinet A,Shelf 1
689,689,401 mL,None,Cabinet C,Shelf 3
690,690,699 mL,None,Cabinet A,Shelf 3
691,691,278 mL,None,Cabinet B,Shelf 2
692,692,241 mL,None,Cabinet C,Shelf 3
693,693,396 mL,None,Cabinet C,Shelf 3
694,694,621 mL,None,Cabinet C,Shelf 1
695,695,285 mL,None,Cabinet B,Shelf 1
696,696,755 mL,None,Cabinet B,Shelf 3
697,697,782 mL,None,Cabinet A,Shelf 2
698,698,193 mL,None,Cabinet B,Shelf 3
699,699,703 mL,None,Cabinet C,Shelf 2
700,700,117 mL,None,Cabinet C,Shelf 2
701,701,944 mL,None,Cabinet A,Shelf 1
702,702,631 mL,None,Cabinet B,Shelf 1
703,703,842 mL,None,Cabinet C,Shelf 3
704,704,606 mL,None,Cabinet A,Shelf 2
705,705,922 mL,None,Cabinet B,Shelf 3
706,706,414 mL,None,Cabinet B,Shelf 2
707,707,817 mL,None,Cabinet C,Shelf 1
708,708,443 mL,None,Cabinet B,Shelf 3
709,709,310 mL,None,Cabinet B,Shelf 1
710,710,611 mL,None,Cabinet B,Shelf 2
711,711,799 mL,None,Cabinet C,Shelf 1
712,712,553 mL,None,Cabinet A,Shelf 3
713,713,126 mL,None,Cabinet C,Shelf 2
714,714,102 mL,None,Cabinet A,Shelf 1
715,715,185 mL,None,Cabinet C,Shelf 2
716,716,610 mL,None,Cabinet B,Shelf 3
717,717,97 mL,None,Cabinet A,Shelf 2
718,718,483 mL,None,Cabinet B,Shelf 3
719,719,94 mL,None,Cabinet B,Shelf 3
720,720,849 mL,None,Cabinet C,Shelf 3
721,721,133 mL,None,Cabinet C,Shelf 3
722,722,196 mL,None,Cabinet A,Shelf 1
723,723,671 mL,None,Cabinet C,Shelf 2
724,724,303 mL,None,Cabinet A,Shelf 2
725,725,39 mL,None,Cabinet A,Shelf 1
726,726,175 mL,None,Cabinet C,Shelf 2
727,727,556 mL,None,Cabinet C,Shelf 2
728,728,866 mL,None,Cabinet B,Shelf 1
729,729,104 mL,None,Cabinet A,Shelf 3
730,730,925 mL,None,Cabinet A,Shelf 2
731,731,960 mL,None,Cabinet C,Shelf 1
732,732,38 mL,None,Cabinet A,Shelf 3
733,733,221 mL,None,Cabinet B,Shelf 3
734,734,974 mL,None,Cabinet A,Shelf 3
735,735,262 mL,None,Cabinet A,Shelf 1
736,736,775 mL,None,Cabinet B,Shelf 3
737,737,910 mL,None,Cabinet A,Shelf 1
738,738,59 mL,None,Cabinet B,Shelf 2
739,739,57 mL,None,Cabinet B,Shelf 1
740,740,538 mL,None,Cabinet A,Shelf 3
741,741,68 mL,None,Cabinet B,Shelf 1
742,742,847 mL,None,Cabinet A,Shelf 1
743,743,808 mL,None,Cabinet A,Shelf 2
744,744,270 mL,None,Cabinet C,Shelf 1
745,745,247 mL,None,Cabinet B,Shelf 2
746,746,464 mL,None,Cabinet B,Shelf 2
747,747,618 mL,None,Cabinet C,Shelf 3
748,748,775 mL,None,Cabinet C,Shelf 2
749,749,534 mL,None,Cabinet B,Shelf 2
750,750,709 mL,None,Cabinet B,Shelf 1
751,751,781 mL,None,Cabinet A,Shelf 3
752,752,782 mL,None,Cabinet A,Shelf 3
753,753,198 mL,None,Cabinet B,Shelf 3
754,754,436 mL,None,Cabinet C,Shelf 1
755,755,567 mL,None,Cabinet A,Shelf 3
756,756,545 mL,None,Cabinet B,Shelf 1
757,757,776 mL,None,Cabinet A,Shelf 3
758,758,100 mL,None,Cabinet B,Shelf 1
759,759,578 mL,None,Cabinet A,Shelf 1
760,760,411 mL,None,Cabinet A,Shelf 3
761,761,338 mL,None,Cabinet C,Shelf 2
762,762,189 mL,None,Cabinet B,Shelf 1
763,763,443 mL,None,Cabinet B,Shelf 1
764,764,730 mL,None,Cabinet B,Shelf 2
765,765,235 mL,None,Cabinet B,Shelf 2
766,766,512 mL,None,Cabinet C,Shelf 1
767,767,462 mL,None,Cabinet B,Shelf 1
768,768,593 mL,None,Cabinet C,Shelf 1
769,769,19 mL,None,Cabinet C,Shelf 1
770,770,52 mL,None,Cabinet C,Shelf 2
771,771,812 mL,None,Cabinet C,Shelf 3
772,772,5 mL,None,Cabinet B,Shelf 1
773,773,118 mL,None,Cabinet B,Shelf 1
774,774,986 mL,None,Cabinet C,Shelf 2
775,775,158 mL,None,Cabinet A,Shelf 2
776,776,544 mL,None,Cabinet A,Shelf 1
777,777,827 mL,None,Cabinet C,Shelf 2
778,778,444 mL,None,Cabinet A,Shelf 2
779,779,367 mL,None,Cabinet C,Shelf 3
780,780,251 mL,None,Cabinet B,Shelf 1
781,781,798 mL,None,Cabinet B,Shelf 2
782,782,3 mL,None,Cabinet C,Shelf 1
783,783,610 mL,None,Cabinet C,Shelf 1
784,784,80 mL,None,Cabinet B,Shelf 1
785,785,513 mL,None,Cabinet C,Shelf 1
786,786,337 mL,None,Cabinet A,Shelf 1
787,787,976 mL,None,Cabinet B,Shelf 2
788,788,227 mL,None,Cabinet A,Shelf 3
789,789,139 mL,None,Cabinet A,Shelf 3
790,790,97 mL,None,Cabinet B,Shelf 1
791,791,826 mL,None,Cabinet A,Shelf 3
792,792,213 mL,None,Cabinet B,Shelf 3
793,793,976 mL,None,Cabinet B,Shelf 2
794,794,692 mL,None,Cabinet B,Shelf 2
795,795,847 mL,None,Cabinet B,Shelf 1
796,796,499 mL,None,Cabinet A,Shelf 3
797,797,196 mL,None,Cabinet C,Shelf 2
798,798,290 mL,None,Cabinet C,Shelf 1
799,799,953 mL,None,Cabinet B,Shelf 3
800,800,570 mL,None,Cabinet A,Shelf 2
801,801,975 mL,None,Cabinet C,Shelf 1
802,802,754 mL,None,Cabinet B,Shelf 3
803,803,379 mL,None,Cabinet C,Shelf 3
804,804,468 mL,None,Cabinet C,Shelf 1
805,805,577 mL,None,Cabinet A,Shelf 3
806,806,189 mL,None,Cabinet B,Shelf 3
807,807,818 mL,None,Cabinet B,Shelf 1
808,808,625 mL,None,Cabinet C,Shelf 2
809,809,770 mL,None,Cabinet B,Shelf 3
810,810,246 mL,None,Cabinet B,Shelf 1
811,811,678 mL,None,Cabinet C,Shelf 3
